site_id,year,date,lon,lat,latin,presence
finsync_nrs_nc-10013,2009,6/27/2009,-81.51025083,36.1118797,Clinostomus funduloides,1
finsync_nrs_nc-10013,2009,6/27/2009,-81.51025083,36.1118797,Etheostoma flabellare,1
finsync_nrs_nc-10013,2009,6/27/2009,-81.51025083,36.1118797,Hybopsis hypsinotus,1
finsync_nrs_nc-10013,2009,6/27/2009,-81.51025083,36.1118797,Lepomis auritus,1
finsync_nrs_nc-10013,2009,6/27/2009,-81.51025083,36.1118797,Moxostoma rupiscartes,1
finsync_nrs_nc-10013,2009,6/27/2009,-81.51025083,36.1118797,Nocomis leptocephalus,1
finsync_nrs_nc-10013,2009,6/27/2009,-81.51025083,36.1118797,Notropis chiliticus,1
finsync_nrs_nc-10013,2009,6/27/2009,-81.51025083,36.1118797,Semotilus atromaculatus,1
finsync_nrs_nc-10014,2009,6/3/2009,-80.35988698,35.87615762,Clinostomus funduloides,1
finsync_nrs_nc-10014,2009,6/3/2009,-80.35988698,35.87615762,Fundulus rathbuni,1
finsync_nrs_nc-10014,2009,6/3/2009,-80.35988698,35.87615762,Semotilus atromaculatus,1
finsync_nrs_nc-10020,2009,6/13/2009,-81.74472009,35.64379261,Clinostomus funduloides,1
finsync_nrs_nc-10020,2009,6/13/2009,-81.74472009,35.64379261,Etheostoma flabellare,1
finsync_nrs_nc-10020,2009,6/13/2009,-81.74472009,35.64379261,Nocomis leptocephalus,1
finsync_nrs_nc-10020,2009,6/13/2009,-81.74472009,35.64379261,Semotilus atromaculatus,1
finsync_nrs_nc-10023,2009,6/16/2009,-82.77898224,35.68219607,Ambloplites rupestris,1
finsync_nrs_nc-10023,2009,6/16/2009,-82.77898224,35.68219607,Campostoma anomalum,1
finsync_nrs_nc-10023,2009,6/16/2009,-82.77898224,35.68219607,Catostomus commersonii,1
finsync_nrs_nc-10023,2009,6/16/2009,-82.77898224,35.68219607,Cottus bairdii,1
finsync_nrs_nc-10023,2009,6/16/2009,-82.77898224,35.68219607,Cyprinella galactura,1
finsync_nrs_nc-10023,2009,6/16/2009,-82.77898224,35.68219607,Etheostoma flabellare,1
finsync_nrs_nc-10023,2009,6/16/2009,-82.77898224,35.68219607,Etheostoma swannanoa,1
finsync_nrs_nc-10023,2009,6/16/2009,-82.77898224,35.68219607,Etheostoma zonale,1
finsync_nrs_nc-10023,2009,6/16/2009,-82.77898224,35.68219607,Hybopsis amblops,1
finsync_nrs_nc-10023,2009,6/16/2009,-82.77898224,35.68219607,Hypentelium nigricans,1
finsync_nrs_nc-10023,2009,6/16/2009,-82.77898224,35.68219607,Lepomis auritus,1
finsync_nrs_nc-10023,2009,6/16/2009,-82.77898224,35.68219607,Nocomis micropogon,1
finsync_nrs_nc-10023,2009,6/16/2009,-82.77898224,35.68219607,Rhinichthys atratulus,1
finsync_nrs_nc-10023,2009,6/16/2009,-82.77898224,35.68219607,Rhinichthys cataractae,1
finsync_nrs_nc-10023,2009,6/16/2009,-82.77898224,35.68219607,Semotilus atromaculatus,1
finsync_nrs_nc-10024,2009,6/7/2009,-77.7538446,35.38552971,Aphredoderus sayanus,1
finsync_nrs_nc-10024,2009,6/7/2009,-77.7538446,35.38552971,Centrarchus macropterus,1
finsync_nrs_nc-10024,2009,6/7/2009,-77.7538446,35.38552971,Esox americanus,1
finsync_nrs_nc-10024,2009,6/7/2009,-77.7538446,35.38552971,Gambusia affinis,1
finsync_nrs_nc-10024,2009,6/7/2009,-77.7538446,35.38552971,Lepomis gulosus,1
finsync_nrs_nc-10024,2009,6/7/2009,-77.7538446,35.38552971,Notemigonus crysoleucas,1
finsync_nrs_nc-10024,2009,6/7/2009,-77.7538446,35.38552971,Umbra pygmaea,1
finsync_nrs_nc-10027,2009,6/20/2009,-83.696776,35.02466855,Cottus bairdii,1
finsync_nrs_nc-10027,2009,6/20/2009,-83.696776,35.02466855,Oncorhynchus mykiss,1
finsync_nrs_nc-10029,2009,6/4/2009,-80.65668257,35.16118924,Clinostomus funduloides,1
finsync_nrs_nc-10029,2009,6/4/2009,-80.65668257,35.16118924,Lepomis cyanellus,1
finsync_nrs_nc-10029,2009,6/4/2009,-80.65668257,35.16118924,Semotilus atromaculatus,1
finsync_nrs_nc-10034,2009,6/28/2009,-82.04496954,36.09917138,Oncorhynchus mykiss,1
finsync_nrs_nc-10034,2009,6/28/2009,-82.04496954,36.09917138,Rhinichthys cataractae,1
finsync_nrs_nc-10034,2009,6/28/2009,-82.04496954,36.09917138,Salmo trutta,1
finsync_nrs_nc-10041,2019,7/10/2019,-80.46558258,35.04365233,Ameiurus platycephalus,1
finsync_nrs_nc-10041,2019,7/10/2019,-80.46558258,35.04365233,Etheostoma flabellare,1
finsync_nrs_nc-10041,2019,7/10/2019,-80.46558258,35.04365233,Etheostoma olmstedi,1
finsync_nrs_nc-10041,2019,7/10/2019,-80.46558258,35.04365233,Gambusia holbrooki,1
finsync_nrs_nc-10041,2019,7/10/2019,-80.46558258,35.04365233,Lepomis auritus,1
finsync_nrs_nc-10041,2019,7/10/2019,-80.46558258,35.04365233,Lepomis cyanellus,1
finsync_nrs_nc-10041,2019,7/10/2019,-80.46558258,35.04365233,Lepomis gibbosus,1
finsync_nrs_nc-10041,2019,7/10/2019,-80.46558258,35.04365233,Lepomis gulosus,1
finsync_nrs_nc-10041,2019,7/10/2019,-80.46558258,35.04365233,Lepomis macrochirus,1
finsync_nrs_nc-10041,2019,7/10/2019,-80.46558258,35.04365233,Micropterus salmoides,1
finsync_nrs_nc-10041,2019,7/10/2019,-80.46558258,35.04365233,Notropis petersoni,1
finsync_nrs_nc-10041,2019,7/10/2019,-80.46558258,35.04365233,Pomoxis nigromaculatus,1
finsync_nrs_nc-10049,2013,9/22/2013,-77.96322,34.58249,Ameiurus natalis,1
finsync_nrs_nc-10049,2013,9/22/2013,-77.96322,34.58249,Anguilla rostrata,1
finsync_nrs_nc-10049,2013,9/22/2013,-77.96322,34.58249,Aphredoderus sayanus,1
finsync_nrs_nc-10049,2013,9/22/2013,-77.96322,34.58249,Centrarchus macropterus,1
finsync_nrs_nc-10049,2013,9/22/2013,-77.96322,34.58249,Enneacanthus chaetodon,1
finsync_nrs_nc-10049,2013,9/22/2013,-77.96322,34.58249,Enneacanthus gloriosus,1
finsync_nrs_nc-10049,2013,9/22/2013,-77.96322,34.58249,Esox americanus,1
finsync_nrs_nc-10049,2013,9/22/2013,-77.96322,34.58249,Gambusia holbrooki,1
finsync_nrs_nc-10049,2013,9/22/2013,-77.96322,34.58249,Lepomis gulosus,1
finsync_nrs_nc-10052,2019,8/14/2019,-84.02452301,35.06056645,Ambloplites rupestris,1
finsync_nrs_nc-10052,2019,8/14/2019,-84.02452301,35.06056645,Cottus bairdii,1
finsync_nrs_nc-10052,2019,8/14/2019,-84.02452301,35.06056645,Cyprinella galactura,1
finsync_nrs_nc-10052,2019,8/14/2019,-84.02452301,35.06056645,Etheostoma blennioides,1
finsync_nrs_nc-10052,2019,8/14/2019,-84.02452301,35.06056645,Hypentelium nigricans,1
finsync_nrs_nc-10052,2019,8/14/2019,-84.02452301,35.06056645,Ichthyomyzon greeleyi,1
finsync_nrs_nc-10052,2019,8/14/2019,-84.02452301,35.06056645,Lepomis auritus,1
finsync_nrs_nc-10052,2019,8/14/2019,-84.02452301,35.06056645,Lepomis cyanellus,1
finsync_nrs_nc-10052,2019,8/14/2019,-84.02452301,35.06056645,Lepomis macrochirus,1
finsync_nrs_nc-10052,2019,8/14/2019,-84.02452301,35.06056645,Luxilus coccogenis,1
finsync_nrs_nc-10052,2019,8/14/2019,-84.02452301,35.06056645,Micropterus salmoides,1
finsync_nrs_nc-10052,2019,8/14/2019,-84.02452301,35.06056645,Moxostoma erythrurum,1
finsync_nrs_nc-10052,2019,8/14/2019,-84.02452301,35.06056645,Nocomis micropogon,1
finsync_nrs_nc-10052,2019,8/14/2019,-84.02452301,35.06056645,Notropis leuciodus,1
finsync_nrs_nc-10052,2019,8/14/2019,-84.02452301,35.06056645,Notropis spectrunculus,1
finsync_nrs_nc-10052,2019,8/14/2019,-84.02452301,35.06056645,Perca flavescens,1
finsync_nrs_nc-10052,2019,8/14/2019,-84.02452301,35.06056645,Semotilus atromaculatus,1
finsync_nrs_nc-10062,2013,7/18/2013,-80.7245,35.39708,Cyprinella chloristia,1
finsync_nrs_nc-10062,2013,7/18/2013,-80.7245,35.39708,Etheostoma olmstedi,1
finsync_nrs_nc-10062,2013,7/18/2013,-80.7245,35.39708,Gambusia holbrooki,1
finsync_nrs_nc-10062,2013,7/18/2013,-80.7245,35.39708,Lepomis auritus,1
finsync_nrs_nc-10062,2013,7/18/2013,-80.7245,35.39708,Lepomis cyanellus,1
finsync_nrs_nc-10062,2013,7/18/2013,-80.7245,35.39708,Lepomis macrochirus,1
finsync_nrs_nc-10062,2013,7/18/2013,-80.7245,35.39708,Micropterus salmoides,1
finsync_nrs_nc-10062,2013,7/18/2013,-80.7245,35.39708,Moxostoma collapsum,1
finsync_nrs_nc-10062,2013,7/18/2013,-80.7245,35.39708,Nocomis leptocephalus,1
finsync_nrs_nc-10062,2013,7/18/2013,-80.7245,35.39708,Notropis hudsonius,1
finsync_nrs_nc-10062,2013,7/18/2013,-80.7245,35.39708,Noturus insignis,1
finsync_nrs_nc-10066,2013,7/22/2013,-81.40958,35.4757,Ameiurus brunneus,1
finsync_nrs_nc-10066,2013,7/22/2013,-81.40958,35.4757,Catostomus commersonii,1
finsync_nrs_nc-10066,2013,7/22/2013,-81.40958,35.4757,Clinostomus funduloides,1
finsync_nrs_nc-10066,2013,7/22/2013,-81.40958,35.4757,Etheostoma flabellare,1
finsync_nrs_nc-10066,2013,7/22/2013,-81.40958,35.4757,Hybopsis hypsinotus,1
finsync_nrs_nc-10066,2013,7/22/2013,-81.40958,35.4757,Lepomis auritus,1
finsync_nrs_nc-10066,2013,7/22/2013,-81.40958,35.4757,Lepomis macrochirus,1
finsync_nrs_nc-10066,2013,7/22/2013,-81.40958,35.4757,Micropterus punctulatus,1
finsync_nrs_nc-10066,2013,7/22/2013,-81.40958,35.4757,Micropterus salmoides,1
finsync_nrs_nc-10066,2013,7/22/2013,-81.40958,35.4757,Moxostoma rupiscartes,1
finsync_nrs_nc-10066,2013,7/22/2013,-81.40958,35.4757,Nocomis leptocephalus,1
finsync_nrs_nc-10066,2013,7/22/2013,-81.40958,35.4757,Notemigonus crysoleucas,1
finsync_nrs_nc-10066,2013,7/22/2013,-81.40958,35.4757,Notropis chiliticus,1
finsync_nrs_nc-10066,2013,7/22/2013,-81.40958,35.4757,Notropis chlorocephalus,1
finsync_nrs_nc-10066,2013,7/22/2013,-81.40958,35.4757,Notropis procne,1
finsync_nrs_nc-10066,2013,7/22/2013,-81.40958,35.4757,Notropis scepticus,1
finsync_nrs_nc-10066,2013,7/22/2013,-81.40958,35.4757,Noturus insignis,1
finsync_nrs_nc-10066,2013,7/22/2013,-81.40958,35.4757,Semotilus atromaculatus,1
finsync_nrs_nc-10084,2018,8/20/2018,-78.15344368,35.67727845,Aphredoderus sayanus,1
finsync_nrs_nc-10084,2018,8/20/2018,-78.15344368,35.67727845,Erimyzon oblongus,1
finsync_nrs_nc-10084,2018,8/20/2018,-78.15344368,35.67727845,Esox americanus,1
finsync_nrs_nc-10084,2018,8/20/2018,-78.15344368,35.67727845,Etheostoma olmstedi,1
finsync_nrs_nc-10084,2018,8/20/2018,-78.15344368,35.67727845,Gambusia holbrooki,1
finsync_nrs_nc-10084,2018,8/20/2018,-78.15344368,35.67727845,Lepomis cyanellus,1
finsync_nrs_nc-10084,2018,8/20/2018,-78.15344368,35.67727845,Lepomis gulosus,1
finsync_nrs_nc-10084,2018,8/20/2018,-78.15344368,35.67727845,Lepomis macrochirus,1
finsync_nrs_nc-10084,2018,8/20/2018,-78.15344368,35.67727845,Micropterus salmoides,1
finsync_nrs_nc-10084,2018,8/20/2018,-78.15344368,35.67727845,Notemigonus crysoleucas,1
finsync_nrs_nc-10088,2009,7/10/2009,-80.60443444,35.15303501,Clinostomus funduloides,1
finsync_nrs_nc-10088,2009,7/10/2009,-80.60443444,35.15303501,Erimyzon oblongus,1
finsync_nrs_nc-10088,2009,7/10/2009,-80.60443444,35.15303501,Etheostoma collis,1
finsync_nrs_nc-10088,2009,7/10/2009,-80.60443444,35.15303501,Lepomis auritus,1
finsync_nrs_nc-10088,2009,7/10/2009,-80.60443444,35.15303501,Semotilus atromaculatus,1
finsync_nrs_nc-10090,2013,9/23/2013,-78.82338,34.53497,Acantharchus pomotis,1
finsync_nrs_nc-10090,2013,9/23/2013,-78.82338,34.53497,Ameiurus nebulosus,1
finsync_nrs_nc-10090,2013,9/23/2013,-78.82338,34.53497,Aphredoderus sayanus,1
finsync_nrs_nc-10090,2013,9/23/2013,-78.82338,34.53497,Esox americanus,1
finsync_nrs_nc-10090,2013,9/23/2013,-78.82338,34.53497,Gambusia holbrooki,1
finsync_nrs_nc-10090,2013,9/23/2013,-78.82338,34.53497,Lepisosteus osseus,1
finsync_nrs_nc-10090,2013,9/23/2013,-78.82338,34.53497,Lepomis punctatus,1
finsync_nrs_nc-10091,2019,6/11/2019,-82.07960048,35.87880495,Clinostomus funduloides,1
finsync_nrs_nc-10091,2019,6/11/2019,-82.07960048,35.87880495,Cottus bairdii,1
finsync_nrs_nc-10091,2019,6/11/2019,-82.07960048,35.87880495,Nocomis leptocephalus,1
finsync_nrs_nc-10091,2019,6/11/2019,-82.07960048,35.87880495,Oncorhynchus mykiss,1
finsync_nrs_nc-10091,2019,6/11/2019,-82.07960048,35.87880495,Rhinichthys obtusus,1
finsync_nrs_nc-10091,2019,6/11/2019,-82.07960048,35.87880495,Semotilus atromaculatus,1
finsync_nrs_nc-10094,2009,7/11/2009,-80.34289834,35.97524365,Gambusia affinis,1
finsync_nrs_nc-10094,2009,7/11/2009,-80.34289834,35.97524365,Hybognathus regius,1
finsync_nrs_nc-10094,2009,7/11/2009,-80.34289834,35.97524365,Lepomis macrochirus,1
finsync_nrs_nc-10094,2009,7/11/2009,-80.34289834,35.97524365,Micropterus salmoides,1
finsync_nrs_nc-10094,2009,7/11/2009,-80.34289834,35.97524365,Semotilus atromaculatus,1
finsync_nrs_nc-10096,2009,6/25/2009,-82.65973335,35.83760486,Campostoma anomalum,1
finsync_nrs_nc-10096,2009,6/25/2009,-82.65973335,35.83760486,Catostomus commersonii,1
finsync_nrs_nc-10096,2009,6/25/2009,-82.65973335,35.83760486,Rhinichthys atratulus,1
finsync_nrs_nc-10104,2009,7/14/2009,-80.82677006,35.52101673,Clinostomus funduloides,1
finsync_nrs_nc-10104,2009,7/14/2009,-80.82677006,35.52101673,Etheostoma olmstedi,1
finsync_nrs_nc-10104,2009,7/14/2009,-80.82677006,35.52101673,Lepomis auritus,1
finsync_nrs_nc-10104,2009,7/14/2009,-80.82677006,35.52101673,Lepomis cyanellus,1
finsync_nrs_nc-10104,2009,7/14/2009,-80.82677006,35.52101673,Micropterus salmoides,1
finsync_nrs_nc-10104,2009,7/14/2009,-80.82677006,35.52101673,Semotilus atromaculatus,1
finsync_nrs_nc-10107,2009,7/17/2009,-78.14354525,36.22364287,Anguilla rostrata,1
finsync_nrs_nc-10107,2009,7/17/2009,-78.14354525,36.22364287,Aphredoderus sayanus,1
finsync_nrs_nc-10107,2009,7/17/2009,-78.14354525,36.22364287,Catostomus commersonii,1
finsync_nrs_nc-10107,2009,7/17/2009,-78.14354525,36.22364287,Erimyzon oblongus,1
finsync_nrs_nc-10107,2009,7/17/2009,-78.14354525,36.22364287,Esox americanus,1
finsync_nrs_nc-10107,2009,7/17/2009,-78.14354525,36.22364287,Etheostoma nigrum,1
finsync_nrs_nc-10107,2009,7/17/2009,-78.14354525,36.22364287,Lepomis auritus,1
finsync_nrs_nc-10107,2009,7/17/2009,-78.14354525,36.22364287,Lepomis cyanellus,1
finsync_nrs_nc-10107,2009,7/17/2009,-78.14354525,36.22364287,Lepomis macrochirus,1
finsync_nrs_nc-10107,2009,7/17/2009,-78.14354525,36.22364287,Luxilus albeolus,1
finsync_nrs_nc-10107,2009,7/17/2009,-78.14354525,36.22364287,Micropterus salmoides,1
finsync_nrs_nc-10107,2009,7/17/2009,-78.14354525,36.22364287,Nocomis leptocephalus,1
finsync_nrs_nc-10107,2009,7/17/2009,-78.14354525,36.22364287,Notropis altipinnis,1
finsync_nrs_nc-10107,2009,7/17/2009,-78.14354525,36.22364287,Notropis procne,1
finsync_nrs_nc-10107,2009,7/17/2009,-78.14354525,36.22364287,Noturus insignis,1
finsync_nrs_nc-10107,2009,7/17/2009,-78.14354525,36.22364287,Percina roanoka,1
finsync_nrs_nc-10107,2009,7/17/2009,-78.14354525,36.22364287,Semotilus atromaculatus,1
finsync_nrs_nc-10113,2009,7/13/2009,-79.59086722,35.95160632,Ameiurus natalis,1
finsync_nrs_nc-10113,2009,7/13/2009,-79.59086722,35.95160632,Ameiurus platycephalus,1
finsync_nrs_nc-10113,2009,7/13/2009,-79.59086722,35.95160632,Aphredoderus sayanus,1
finsync_nrs_nc-10113,2009,7/13/2009,-79.59086722,35.95160632,Erimyzon oblongus,1
finsync_nrs_nc-10113,2009,7/13/2009,-79.59086722,35.95160632,Etheostoma collis,1
finsync_nrs_nc-10113,2009,7/13/2009,-79.59086722,35.95160632,Etheostoma olmstedi,1
finsync_nrs_nc-10113,2009,7/13/2009,-79.59086722,35.95160632,Gambusia affinis,1
finsync_nrs_nc-10113,2009,7/13/2009,-79.59086722,35.95160632,Lepomis auritus,1
finsync_nrs_nc-10113,2009,7/13/2009,-79.59086722,35.95160632,Lepomis cyanellus,1
finsync_nrs_nc-10113,2009,7/13/2009,-79.59086722,35.95160632,Lepomis gulosus,1
finsync_nrs_nc-10113,2009,7/13/2009,-79.59086722,35.95160632,Lepomis macrochirus,1
finsync_nrs_nc-10113,2009,7/13/2009,-79.59086722,35.95160632,Luxilus cerasinus,1
finsync_nrs_nc-10113,2009,7/13/2009,-79.59086722,35.95160632,Micropterus salmoides,1
finsync_nrs_nc-10113,2009,7/13/2009,-79.59086722,35.95160632,Nocomis leptocephalus,1
finsync_nrs_nc-10113,2009,7/13/2009,-79.59086722,35.95160632,Notemigonus crysoleucas,1
finsync_nrs_nc-10113,2009,7/13/2009,-79.59086722,35.95160632,Notropis alborus,1
finsync_nrs_nc-10113,2009,7/13/2009,-79.59086722,35.95160632,Notropis altipinnis,1
finsync_nrs_nc-10113,2009,7/13/2009,-79.59086722,35.95160632,Semotilus atromaculatus,1
finsync_nrs_nc-10114,2009,7/15/2009,-79.48811819,35.99602428,Ameiurus platycephalus,1
finsync_nrs_nc-10114,2009,7/15/2009,-79.48811819,35.99602428,Aphredoderus sayanus,1
finsync_nrs_nc-10114,2009,7/15/2009,-79.48811819,35.99602428,Catostomus commersonii,1
finsync_nrs_nc-10114,2009,7/15/2009,-79.48811819,35.99602428,Cyprinella analostana,1
finsync_nrs_nc-10114,2009,7/15/2009,-79.48811819,35.99602428,Etheostoma olmstedi,1
finsync_nrs_nc-10114,2009,7/15/2009,-79.48811819,35.99602428,Fundulus rathbuni,1
finsync_nrs_nc-10114,2009,7/15/2009,-79.48811819,35.99602428,Gambusia affinis,1
finsync_nrs_nc-10114,2009,7/15/2009,-79.48811819,35.99602428,Lepomis auritus,1
finsync_nrs_nc-10114,2009,7/15/2009,-79.48811819,35.99602428,Lepomis cyanellus,1
finsync_nrs_nc-10114,2009,7/15/2009,-79.48811819,35.99602428,Lepomis macrochirus,1
finsync_nrs_nc-10114,2009,7/15/2009,-79.48811819,35.99602428,Luxilus cerasinus,1
finsync_nrs_nc-10114,2009,7/15/2009,-79.48811819,35.99602428,Micropterus salmoides,1
finsync_nrs_nc-10114,2009,7/15/2009,-79.48811819,35.99602428,Moxostoma anisurum,1
finsync_nrs_nc-10114,2009,7/15/2009,-79.48811819,35.99602428,Moxostoma pappillosum,1
finsync_nrs_nc-10114,2009,7/15/2009,-79.48811819,35.99602428,Nocomis leptocephalus,1
finsync_nrs_nc-10114,2009,7/15/2009,-79.48811819,35.99602428,Notropis alborus,1
finsync_nrs_nc-10114,2009,7/15/2009,-79.48811819,35.99602428,Notropis altipinnis,1
finsync_nrs_nc-10114,2009,7/15/2009,-79.48811819,35.99602428,Notropis scepticus,1
finsync_nrs_nc-10114,2009,7/15/2009,-79.48811819,35.99602428,Pomoxis annularis,1
finsync_nrs_nc-10114,2009,7/15/2009,-79.48811819,35.99602428,Semotilus atromaculatus,1
finsync_nrs_nc-10117,2009,6/25/2009,-78.45665667,34.71077157,Acantharchus pomotis,1
finsync_nrs_nc-10117,2009,6/25/2009,-78.45665667,34.71077157,Aphredoderus sayanus,1
finsync_nrs_nc-10117,2009,6/25/2009,-78.45665667,34.71077157,Centrarchus macropterus,1
finsync_nrs_nc-10117,2009,6/25/2009,-78.45665667,34.71077157,Chologaster cornuta,1
finsync_nrs_nc-10117,2009,6/25/2009,-78.45665667,34.71077157,Enneacanthus gloriosus,1
finsync_nrs_nc-10117,2009,6/25/2009,-78.45665667,34.71077157,Esox americanus,1
finsync_nrs_nc-10117,2009,6/25/2009,-78.45665667,34.71077157,Umbra pygmaea,1
finsync_nrs_nc-10118,2009,6/10/2009,-79.57290173,34.92970407,Ameiurus natalis,1
finsync_nrs_nc-10118,2009,6/10/2009,-79.57290173,34.92970407,Aphredoderus sayanus,1
finsync_nrs_nc-10118,2009,6/10/2009,-79.57290173,34.92970407,Enneacanthus gloriosus,1
finsync_nrs_nc-10118,2009,6/10/2009,-79.57290173,34.92970407,Etheostoma serrifer,1
finsync_nrs_nc-10118,2009,6/10/2009,-79.57290173,34.92970407,Fundulus lineolatus,1
finsync_nrs_nc-10118,2009,6/10/2009,-79.57290173,34.92970407,Lepomis marginatus,1
finsync_nrs_nc-10118,2009,6/10/2009,-79.57290173,34.92970407,Notropis cummingsae,1
finsync_nrs_nc-10119,2009,6/9/2009,-77.13455165,35.02681061,Ameiurus natalis,1
finsync_nrs_nc-10119,2009,6/9/2009,-77.13455165,35.02681061,Anguilla rostrata,1
finsync_nrs_nc-10119,2009,6/9/2009,-77.13455165,35.02681061,Aphredoderus sayanus,1
finsync_nrs_nc-10119,2009,6/9/2009,-77.13455165,35.02681061,Esox americanus,1
finsync_nrs_nc-10119,2009,6/9/2009,-77.13455165,35.02681061,Esox niger,1
finsync_nrs_nc-10119,2009,6/9/2009,-77.13455165,35.02681061,Lepomis auritus,1
finsync_nrs_nc-10119,2009,6/9/2009,-77.13455165,35.02681061,Lepomis gibbosus,1
finsync_nrs_nc-10119,2009,6/9/2009,-77.13455165,35.02681061,Lepomis gulosus,1
finsync_nrs_nc-10119,2009,6/9/2009,-77.13455165,35.02681061,Lepomis macrochirus,1
finsync_nrs_nc-10122,2018,7/19/2018,-81.87095586,36.27389536,Ambloplites rupestris,1
finsync_nrs_nc-10122,2018,7/19/2018,-81.87095586,36.27389536,Campostoma anomalum,1
finsync_nrs_nc-10122,2018,7/19/2018,-81.87095586,36.27389536,Hypentelium nigricans,1
finsync_nrs_nc-10122,2018,7/19/2018,-81.87095586,36.27389536,Lepomis auritus,1
finsync_nrs_nc-10122,2018,7/19/2018,-81.87095586,36.27389536,Lepomis cyanellus,1
finsync_nrs_nc-10122,2018,7/19/2018,-81.87095586,36.27389536,Lepomis macrochirus,1
finsync_nrs_nc-10122,2018,7/19/2018,-81.87095586,36.27389536,Luxilus coccogenis,1
finsync_nrs_nc-10122,2018,7/19/2018,-81.87095586,36.27389536,Micropterus dolomieu,1
finsync_nrs_nc-10122,2018,7/19/2018,-81.87095586,36.27389536,Nocomis micropogon,1
finsync_nrs_nc-10122,2018,7/19/2018,-81.87095586,36.27389536,Noturus insignis,1
finsync_nrs_nc-10122,2018,7/19/2018,-81.87095586,36.27389536,Oncorhynchus mykiss,1
finsync_nrs_nc-10122,2018,7/19/2018,-81.87095586,36.27389536,Rhinichthys obtusus,1
finsync_nrs_nc-10122,2018,7/19/2018,-81.87095586,36.27389536,Salmo trutta,1
finsync_nrs_nc-10122,2018,7/19/2018,-81.87095586,36.27389536,Salvelinus fontinalis,1
finsync_nrs_nc-10122,2018,7/19/2018,-81.87095586,36.27389536,Semotilus atromaculatus,1
finsync_nrs_nc-10123,2019,6/5/2019,-79.53601686,35.63322712,Ameiurus natalis,1
finsync_nrs_nc-10123,2019,6/5/2019,-79.53601686,35.63322712,Ameiurus platycephalus,1
finsync_nrs_nc-10123,2019,6/5/2019,-79.53601686,35.63322712,Erimyzon oblongus,1
finsync_nrs_nc-10123,2019,6/5/2019,-79.53601686,35.63322712,Etheostoma olmstedi,1
finsync_nrs_nc-10123,2019,6/5/2019,-79.53601686,35.63322712,Lepomis auritus,1
finsync_nrs_nc-10123,2019,6/5/2019,-79.53601686,35.63322712,Lepomis cyanellus,1
finsync_nrs_nc-10123,2019,6/5/2019,-79.53601686,35.63322712,Lepomis gibbosus,1
finsync_nrs_nc-10123,2019,6/5/2019,-79.53601686,35.63322712,Lepomis macrochirus,1
finsync_nrs_nc-10123,2019,6/5/2019,-79.53601686,35.63322712,Luxilus albeolus,1
finsync_nrs_nc-10123,2019,6/5/2019,-79.53601686,35.63322712,Nocomis leptocephalus,1
finsync_nrs_nc-10123,2019,6/5/2019,-79.53601686,35.63322712,Notemigonus crysoleucas,1
finsync_nrs_nc-10123,2019,6/5/2019,-79.53601686,35.63322712,Notropis altipinnis,1
finsync_nrs_nc-10123,2019,6/5/2019,-79.53601686,35.63322712,Percina crassa,1
finsync_nrs_nc-10123,2019,6/5/2019,-79.53601686,35.63322712,Semotilus atromaculatus,1
finsync_nrs_nc-10133,2019,6/3/2019,-78.97088818,35.73298947,Hybognathus regius,1
finsync_nrs_nc-10133,2019,6/3/2019,-78.97088818,35.73298947,Lepomis cyanellus,1
finsync_nrs_nc-10133,2019,6/3/2019,-78.97088818,35.73298947,Lepomis gibbosus,1
finsync_nrs_nc-10133,2019,6/3/2019,-78.97088818,35.73298947,Lepomis macrochirus,1
finsync_nrs_nc-10133,2019,6/3/2019,-78.97088818,35.73298947,Nocomis leptocephalus,1
finsync_nrs_nc-10133,2019,6/3/2019,-78.97088818,35.73298947,Perca flavescens,1
finsync_nrs_nc-10136,2019,9/19/2019,-83.02465971,35.35514394,Oncorhynchus mykiss,1
finsync_nrs_nc-10136,2019,9/19/2019,-83.02465971,35.35514394,Salvelinus fontinalis,1
finsync_nrs_nc-10138,2013,9/25/2013,-81.32958,35.3521,Clinostomus funduloides,1
finsync_nrs_nc-10138,2013,9/25/2013,-81.32958,35.3521,Etheostoma olmstedi,1
finsync_nrs_nc-10138,2013,9/25/2013,-81.32958,35.3521,Gambusia holbrooki,1
finsync_nrs_nc-10138,2013,9/25/2013,-81.32958,35.3521,Hybopsis hypsinotus,1
finsync_nrs_nc-10138,2013,9/25/2013,-81.32958,35.3521,Lepomis auritus,1
finsync_nrs_nc-10138,2013,9/25/2013,-81.32958,35.3521,Lepomis cyanellus,1
finsync_nrs_nc-10138,2013,9/25/2013,-81.32958,35.3521,Nocomis leptocephalus,1
finsync_nrs_nc-10138,2013,9/25/2013,-81.32958,35.3521,Semotilus atromaculatus,1
finsync_nrs_nc-10139,2013,9/9/2013,-81.74478177,35.64379988,Clinostomus funduloides,1
finsync_nrs_nc-10139,2013,9/9/2013,-81.74478177,35.64379988,Etheostoma flabellare,1
finsync_nrs_nc-10139,2013,9/9/2013,-81.74478177,35.64379988,Hypentelium nigricans,1
finsync_nrs_nc-10139,2013,9/9/2013,-81.74478177,35.64379988,Nocomis leptocephalus,1
finsync_nrs_nc-10139,2013,9/9/2013,-81.74478177,35.64379988,Semotilus atromaculatus,1
finsync_nrs_nc-10140,2013,7/23/2013,-80.26479615,36.41318284,Semotilus atromaculatus,1
finsync_nrs_nc-10141,2013,9/18/2013,-79.58954269,35.08239309,Ameiurus brunneus,1
finsync_nrs_nc-10141,2013,9/18/2013,-79.58954269,35.08239309,Ameiurus natalis,1
finsync_nrs_nc-10141,2013,9/18/2013,-79.58954269,35.08239309,Anguilla rostrata,1
finsync_nrs_nc-10141,2013,9/18/2013,-79.58954269,35.08239309,Aphredoderus sayanus,1
finsync_nrs_nc-10141,2013,9/18/2013,-79.58954269,35.08239309,Enneacanthus gloriosus,1
finsync_nrs_nc-10141,2013,9/18/2013,-79.58954269,35.08239309,Erimyzon sucetta,1
finsync_nrs_nc-10141,2013,9/18/2013,-79.58954269,35.08239309,Esox americanus,1
finsync_nrs_nc-10141,2013,9/18/2013,-79.58954269,35.08239309,Etheostoma mariae,1
finsync_nrs_nc-10141,2013,9/18/2013,-79.58954269,35.08239309,Etheostoma olmstedi,1
finsync_nrs_nc-10141,2013,9/18/2013,-79.58954269,35.08239309,Lepomis auritus,1
finsync_nrs_nc-10141,2013,9/18/2013,-79.58954269,35.08239309,Lepomis gulosus,1
finsync_nrs_nc-10141,2013,9/18/2013,-79.58954269,35.08239309,Micropterus salmoides,1
finsync_nrs_nc-10141,2013,9/18/2013,-79.58954269,35.08239309,Notropis chalybaeus,1
finsync_nrs_nc-10141,2013,9/18/2013,-79.58954269,35.08239309,Noturus insignis,1
finsync_nrs_nc-10141,2013,9/18/2013,-79.58954269,35.08239309,Percina nigrofasciata,1
finsync_nrs_nc-10142,2013,8/11/2013,-77.88205316,36.25938461,Ameiurus natalis,1
finsync_nrs_nc-10142,2013,8/11/2013,-77.88205316,36.25938461,Anguilla rostrata,1
finsync_nrs_nc-10142,2013,8/11/2013,-77.88205316,36.25938461,Aphredoderus sayanus,1
finsync_nrs_nc-10142,2013,8/11/2013,-77.88205316,36.25938461,Erimyzon oblongus,1
finsync_nrs_nc-10142,2013,8/11/2013,-77.88205316,36.25938461,Esox americanus,1
finsync_nrs_nc-10142,2013,8/11/2013,-77.88205316,36.25938461,Etheostoma olmstedi,1
finsync_nrs_nc-10142,2013,8/11/2013,-77.88205316,36.25938461,Lepomis auritus,1
finsync_nrs_nc-10142,2013,8/11/2013,-77.88205316,36.25938461,Lepomis cyanellus,1
finsync_nrs_nc-10142,2013,8/11/2013,-77.88205316,36.25938461,Luxilus cerasinus,1
finsync_nrs_nc-10142,2013,8/11/2013,-77.88205316,36.25938461,Nocomis leptocephalus,1
finsync_nrs_nc-10142,2013,8/11/2013,-77.88205316,36.25938461,Notropis altipinnis,1
finsync_nrs_nc-10142,2013,8/11/2013,-77.88205316,36.25938461,Noturus insignis,1
finsync_nrs_nc-10142,2013,8/11/2013,-77.88205316,36.25938461,Semotilus atromaculatus,1
finsync_nrs_nc-10143,2013,9/27/2013,-77.02223998,34.74249011,Ameiurus natalis,1
finsync_nrs_nc-10143,2013,9/27/2013,-77.02223998,34.74249011,Anguilla rostrata,1
finsync_nrs_nc-10143,2013,9/27/2013,-77.02223998,34.74249011,Aphredoderus sayanus,1
finsync_nrs_nc-10143,2013,9/27/2013,-77.02223998,34.74249011,Chologaster cornuta,1
finsync_nrs_nc-10143,2013,9/27/2013,-77.02223998,34.74249011,Enneacanthus obesus,1
finsync_nrs_nc-10143,2013,9/27/2013,-77.02223998,34.74249011,Erimyzon oblongus,1
finsync_nrs_nc-10143,2013,9/27/2013,-77.02223998,34.74249011,Esox americanus,1
finsync_nrs_nc-10143,2013,9/27/2013,-77.02223998,34.74249011,Lepomis gulosus,1
finsync_nrs_nc-10147,2018,6/20/2018,-78.80607938,35.98210036,Ameiurus natalis,1
finsync_nrs_nc-10147,2018,6/20/2018,-78.80607938,35.98210036,Gambusia holbrooki,1
finsync_nrs_nc-10147,2018,6/20/2018,-78.80607938,35.98210036,Ictalurus punctatus,1
finsync_nrs_nc-10147,2018,6/20/2018,-78.80607938,35.98210036,Lepomis cyanellus,1
finsync_nrs_nc-10147,2018,6/20/2018,-78.80607938,35.98210036,Lepomis microlophus,1
finsync_nrs_nc-10147,2018,6/20/2018,-78.80607938,35.98210036,Notemigonus crysoleucas,1
finsync_nrs_nc-10147,2018,6/20/2018,-78.80607938,35.98210036,Notropis procne,1
finsync_nrs_nc-10150,2018,9/11/2018,-81.96907489,35.84307624,Campostoma anomalum,1
finsync_nrs_nc-10150,2018,9/11/2018,-81.96907489,35.84307624,Cyprinella galactura,1
finsync_nrs_nc-10150,2018,9/11/2018,-81.96907489,35.84307624,Etheostoma brevispinum,1
finsync_nrs_nc-10150,2018,9/11/2018,-81.96907489,35.84307624,Etheostoma olmstedi,1
finsync_nrs_nc-10150,2018,9/11/2018,-81.96907489,35.84307624,Hypentelium nigricans,1
finsync_nrs_nc-10150,2018,9/11/2018,-81.96907489,35.84307624,Lepomis auritus,1
finsync_nrs_nc-10150,2018,9/11/2018,-81.96907489,35.84307624,Lepomis cyanellus,1
finsync_nrs_nc-10150,2018,9/11/2018,-81.96907489,35.84307624,Luxilus coccogenis,1
finsync_nrs_nc-10150,2018,9/11/2018,-81.96907489,35.84307624,Micropterus dolomieu,1
finsync_nrs_nc-10150,2018,9/11/2018,-81.96907489,35.84307624,Moxostoma rupiscartes,1
finsync_nrs_nc-10150,2018,9/11/2018,-81.96907489,35.84307624,Nocomis leptocephalus,1
finsync_nrs_nc-10150,2018,9/11/2018,-81.96907489,35.84307624,Noturus insignis,1
finsync_nrs_nc-10226,2019,6/13/2019,-77.4127161,35.58887324,Anguilla rostrata,1
finsync_nrs_nc-10226,2019,6/13/2019,-77.4127161,35.58887324,Aphredoderus sayanus,1
finsync_nrs_nc-10226,2019,6/13/2019,-77.4127161,35.58887324,Esox americanus,1
finsync_nrs_nc-10226,2019,6/13/2019,-77.4127161,35.58887324,Etheostoma olmstedi,1
finsync_nrs_nc-10226,2019,6/13/2019,-77.4127161,35.58887324,Gambusia holbrooki,1
finsync_nrs_nc-10226,2019,6/13/2019,-77.4127161,35.58887324,Lepomis auritus,1
finsync_nrs_nc-10226,2019,6/13/2019,-77.4127161,35.58887324,Lepomis cyanellus,1
finsync_nrs_nc-10226,2019,6/13/2019,-77.4127161,35.58887324,Lepomis gibbosus,1
finsync_nrs_nc-10226,2019,6/13/2019,-77.4127161,35.58887324,Lepomis macrochirus,1
finsync_nrs_nc-10226,2019,6/13/2019,-77.4127161,35.58887324,Lepomis microlophus,1
finsync_nrs_nc-10226,2019,6/13/2019,-77.4127161,35.58887324,Micropterus salmoides,1
finsync_nrs_nc-10226,2019,6/13/2019,-77.4127161,35.58887324,Notropis procne,1
finsync_nrs_nc-10226,2019,6/13/2019,-77.4127161,35.58887324,Umbra pygmaea,1
finsync_nrs_nc-10270,2019,8/28/2019,-79.05784611,35.35452808,Micropterus salmoides,1
finsync_nrs_nc-10343,2019,9/4/2019,-78.72632168,35.85316559,Ameiurus platycephalus,1
finsync_nrs_nc-10343,2019,9/4/2019,-78.72632168,35.85316559,Anguilla rostrata,1
finsync_nrs_nc-10343,2019,9/4/2019,-78.72632168,35.85316559,Cyprinella analostana,1
finsync_nrs_nc-10343,2019,9/4/2019,-78.72632168,35.85316559,Erimyzon oblongus,1
finsync_nrs_nc-10343,2019,9/4/2019,-78.72632168,35.85316559,Etheostoma nigrum,1
finsync_nrs_nc-10343,2019,9/4/2019,-78.72632168,35.85316559,Hypentelium nigricans,1
finsync_nrs_nc-10343,2019,9/4/2019,-78.72632168,35.85316559,Lepomis auritus,1
finsync_nrs_nc-10343,2019,9/4/2019,-78.72632168,35.85316559,Lepomis cyanellus,1
finsync_nrs_nc-10343,2019,9/4/2019,-78.72632168,35.85316559,Lepomis gibbosus,1
finsync_nrs_nc-10343,2019,9/4/2019,-78.72632168,35.85316559,Lepomis macrochirus,1
finsync_nrs_nc-10343,2019,9/4/2019,-78.72632168,35.85316559,Luxilus albeolus,1
finsync_nrs_nc-10343,2019,9/4/2019,-78.72632168,35.85316559,Lythrurus ardens,1
finsync_nrs_nc-10343,2019,9/4/2019,-78.72632168,35.85316559,Micropterus salmoides,1
finsync_nrs_nc-10343,2019,9/4/2019,-78.72632168,35.85316559,Moxostoma collapsum,1
finsync_nrs_nc-10343,2019,9/4/2019,-78.72632168,35.85316559,Nocomis leptocephalus,1
finsync_nrs_nc-10343,2019,9/4/2019,-78.72632168,35.85316559,Notropis procne,1
finsync_nrs_nc-10343,2019,9/4/2019,-78.72632168,35.85316559,Noturus insignis,1
finsync_nrs_nc-10343,2019,9/4/2019,-78.72632168,35.85316559,Percina roanoka,1
finsync_nrs_nc-10343,2019,9/4/2019,-78.72632168,35.85316559,Pomoxis nigromaculatus,1
finsync_nrs_nc-10349,2019,6/18/2019,-77.86095318,35.98341188,Anguilla rostrata,1
finsync_nrs_nc-10349,2019,6/18/2019,-77.86095318,35.98341188,Aphredoderus sayanus,1
finsync_nrs_nc-10349,2019,6/18/2019,-77.86095318,35.98341188,Esox americanus,1
finsync_nrs_nc-10349,2019,6/18/2019,-77.86095318,35.98341188,Etheostoma nigrum,1
finsync_nrs_nc-10349,2019,6/18/2019,-77.86095318,35.98341188,Etheostoma vitreum,1
finsync_nrs_nc-10349,2019,6/18/2019,-77.86095318,35.98341188,Lepisosteus osseus,1
finsync_nrs_nc-10349,2019,6/18/2019,-77.86095318,35.98341188,Lepomis auritus,1
finsync_nrs_nc-10349,2019,6/18/2019,-77.86095318,35.98341188,Lepomis cyanellus,1
finsync_nrs_nc-10349,2019,6/18/2019,-77.86095318,35.98341188,Lepomis gulosus,1
finsync_nrs_nc-10349,2019,6/18/2019,-77.86095318,35.98341188,Lepomis macrochirus,1
finsync_nrs_nc-10349,2019,6/18/2019,-77.86095318,35.98341188,Micropterus salmoides,1
finsync_nrs_nc-10349,2019,6/18/2019,-77.86095318,35.98341188,Nocomis leptocephalus,1
finsync_nrs_nc-10349,2019,6/18/2019,-77.86095318,35.98341188,Notropis amoenus,1
finsync_nrs_nc-10349,2019,6/18/2019,-77.86095318,35.98341188,Noturus insignis,1
finsync_nrs_nc-10349,2019,6/18/2019,-77.86095318,35.98341188,Percina nevisense,1
finsync_nrs_nc-10349,2019,6/18/2019,-77.86095318,35.98341188,Percina roanoka,1
finsync_nrs_nc-10457,2019,9/24/2019,-80.3368354,35.99664472,Catostomus commersonii,1
finsync_nrs_nc-10457,2019,9/24/2019,-80.3368354,35.99664472,Dorosoma cepedianum,1
finsync_nrs_nc-10457,2019,9/24/2019,-80.3368354,35.99664472,Etheostoma olmstedi,1
finsync_nrs_nc-10457,2019,9/24/2019,-80.3368354,35.99664472,Hybognathus regius,1
finsync_nrs_nc-10457,2019,9/24/2019,-80.3368354,35.99664472,Ictalurus punctatus,1
finsync_nrs_nc-10457,2019,9/24/2019,-80.3368354,35.99664472,Lepomis auritus,1
finsync_nrs_nc-10457,2019,9/24/2019,-80.3368354,35.99664472,Lepomis cyanellus,1
finsync_nrs_nc-10457,2019,9/24/2019,-80.3368354,35.99664472,Lepomis macrochirus,1
finsync_nrs_nc-10457,2019,9/24/2019,-80.3368354,35.99664472,Micropterus punctulatus,1
finsync_nrs_nc-10457,2019,9/24/2019,-80.3368354,35.99664472,Nocomis leptocephalus,1
finsync_nrs_nc-10457,2019,9/24/2019,-80.3368354,35.99664472,Pylodictis olivaris,1
finsync_nrs_nc-10458,2018,8/14/2018,-83.0675,35.45111,Oncorhynchus mykiss,1
finsync_nrs_nc-10458,2018,8/14/2018,-83.0675,35.45111,Rhinichthys cataractae,1
finsync_nrs_nc-10458,2018,8/14/2018,-83.0675,35.45111,Salmo trutta,1
finsync_nrs_nc-10459,2018,8/15/2018,-83.7228,35.47361,Ambloplites rupestris,1
finsync_nrs_nc-10459,2018,8/15/2018,-83.7228,35.47361,Campostoma anomalum,1
finsync_nrs_nc-10459,2018,8/15/2018,-83.7228,35.47361,Cottus bairdii,1
finsync_nrs_nc-10459,2018,8/15/2018,-83.7228,35.47361,Etheostoma blennioides,1
finsync_nrs_nc-10459,2018,8/15/2018,-83.7228,35.47361,Hypentelium nigricans,1
finsync_nrs_nc-10459,2018,8/15/2018,-83.7228,35.47361,Lepomis cyanellus,1
finsync_nrs_nc-10459,2018,8/15/2018,-83.7228,35.47361,Lepomis macrochirus,1
finsync_nrs_nc-10459,2018,8/15/2018,-83.7228,35.47361,Luxilus coccogenis,1
finsync_nrs_nc-10459,2018,8/15/2018,-83.7228,35.47361,Micropterus dolomieu,1
finsync_nrs_nc-10459,2018,8/15/2018,-83.7228,35.47361,Nocomis micropogon,1
finsync_nrs_nc-10459,2018,8/15/2018,-83.7228,35.47361,Notropis leuciodus,1
finsync_nrs_nc-10459,2018,8/15/2018,-83.7228,35.47361,Rhinichthys cataractae,1
finsync_nrs_nc-10459,2018,8/15/2018,-83.7228,35.47361,Salmo trutta,1
finsync_usgs-02077670,2014,6/3/2014,-78.87194444,36.54083333,Ameiurus catus,1
finsync_usgs-02077670,2014,6/3/2014,-78.87194444,36.54083333,Ameiurus natalis,1
finsync_usgs-02077670,2014,6/3/2014,-78.87194444,36.54083333,Cyprinella analostana,1
finsync_usgs-02077670,2014,6/3/2014,-78.87194444,36.54083333,Etheostoma flabellare,1
finsync_usgs-02077670,2014,6/3/2014,-78.87194444,36.54083333,Lepisosteus osseus,1
finsync_usgs-02077670,2014,6/3/2014,-78.87194444,36.54083333,Lepomis auritus,1
finsync_usgs-02077670,2014,6/3/2014,-78.87194444,36.54083333,Lepomis cyanellus,1
finsync_usgs-02077670,2014,6/3/2014,-78.87194444,36.54083333,Lepomis gulosus,1
finsync_usgs-02077670,2014,6/3/2014,-78.87194444,36.54083333,Lepomis macrochirus,1
finsync_usgs-02077670,2014,6/3/2014,-78.87194444,36.54083333,Lepomis microlophus,1
finsync_usgs-02077670,2014,6/3/2014,-78.87194444,36.54083333,Micropterus salmoides,1
finsync_usgs-02077670,2014,6/3/2014,-78.87194444,36.54083333,Nocomis leptocephalus,1
finsync_usgs-02077670,2014,6/3/2014,-78.87194444,36.54083333,Notropis procne,1
finsync_usgs-02077670,2014,6/3/2014,-78.87194444,36.54083333,Noturus insignis,1
finsync_usgs-02077670,2014,6/3/2014,-78.87194444,36.54083333,Pylodictis olivaris,1
finsync_usgs-02081190,2003,6/24/2003,-78.76741667,36.33419444,Aphredoderus sayanus,1
finsync_usgs-02081190,2003,6/24/2003,-78.76741667,36.33419444,Catostomus commersonii,1
finsync_usgs-02081190,2003,6/24/2003,-78.76741667,36.33419444,Erimyzon oblongus,1
finsync_usgs-02081190,2003,6/24/2003,-78.76741667,36.33419444,Esox niger,1
finsync_usgs-02081190,2003,6/24/2003,-78.76741667,36.33419444,Etheostoma olmstedi,1
finsync_usgs-02081190,2003,6/24/2003,-78.76741667,36.33419444,Gambusia affinis,1
finsync_usgs-02081190,2003,6/24/2003,-78.76741667,36.33419444,Hypentelium nigricans,1
finsync_usgs-02081190,2003,6/24/2003,-78.76741667,36.33419444,Lepomis auritus,1
finsync_usgs-02081190,2003,6/24/2003,-78.76741667,36.33419444,Lepomis cyanellus,1
finsync_usgs-02081190,2003,6/24/2003,-78.76741667,36.33419444,Lepomis macrochirus,1
finsync_usgs-02081190,2003,6/24/2003,-78.76741667,36.33419444,Luxilus albeolus,1
finsync_usgs-02081190,2003,6/24/2003,-78.76741667,36.33419444,Lythrurus ardens,1
finsync_usgs-02081190,2003,6/24/2003,-78.76741667,36.33419444,Micropterus salmoides,1
finsync_usgs-02081190,2003,6/24/2003,-78.76741667,36.33419444,Moxostoma anisurum,1
finsync_usgs-02081190,2003,6/24/2003,-78.76741667,36.33419444,Moxostoma pappillosum,1
finsync_usgs-02081190,2003,6/24/2003,-78.76741667,36.33419444,Nocomis leptocephalus,1
finsync_usgs-02081190,2003,6/24/2003,-78.76741667,36.33419444,Notropis altipinnis,1
finsync_usgs-02081190,2003,6/24/2003,-78.76741667,36.33419444,Notropis procne,1
finsync_usgs-02081190,2003,6/24/2003,-78.76741667,36.33419444,Noturus insignis,1
finsync_usgs-02081190,2003,6/24/2003,-78.76741667,36.33419444,Percina peltata,1
finsync_usgs-02081190,2003,6/24/2003,-78.76741667,36.33419444,Percina roanoka,1
finsync_usgs-02081510,2003,6/13/2003,-78.58944444,36.27805556,Catostomus commersonii,1
finsync_usgs-02081510,2003,6/13/2003,-78.58944444,36.27805556,Clinostomus funduloides,1
finsync_usgs-02081510,2003,6/13/2003,-78.58944444,36.27805556,Erimyzon oblongus,1
finsync_usgs-02081510,2003,6/13/2003,-78.58944444,36.27805556,Lepomis auritus,1
finsync_usgs-02081510,2003,6/13/2003,-78.58944444,36.27805556,Lepomis cyanellus,1
finsync_usgs-02081510,2003,6/13/2003,-78.58944444,36.27805556,Lepomis macrochirus,1
finsync_usgs-02081510,2003,6/13/2003,-78.58944444,36.27805556,Lepomis microlophus,1
finsync_usgs-02081510,2003,6/13/2003,-78.58944444,36.27805556,Luxilus albeolus,1
finsync_usgs-02081510,2003,6/13/2003,-78.58944444,36.27805556,Nocomis leptocephalus,1
finsync_usgs-02081510,2003,6/13/2003,-78.58944444,36.27805556,Notemigonus crysoleucas,1
finsync_usgs-02081510,2003,6/13/2003,-78.58944444,36.27805556,Notropis procne,1
finsync_usgs-02081510,2003,6/13/2003,-78.58944444,36.27805556,Noturus insignis,1
finsync_usgs-02081510,2003,6/13/2003,-78.58944444,36.27805556,Semotilus atromaculatus,1
finsync_usgs-02084557,2004,11/3/2004,-76.74611111,35.73083333,Aphredoderus sayanus,1
finsync_usgs-02084557,2004,11/3/2004,-76.74611111,35.73083333,Enneacanthus obesus,1
finsync_usgs-02084557,2004,11/3/2004,-76.74611111,35.73083333,Esox americanus,1
finsync_usgs-02085000,2014,6/9/2014,-79.09555556,36.07111111,Ameiurus brunneus,1
finsync_usgs-02085000,2014,6/9/2014,-79.09555556,36.07111111,Ameiurus natalis,1
finsync_usgs-02085000,2014,6/9/2014,-79.09555556,36.07111111,Etheostoma flabellare,1
finsync_usgs-02085000,2014,6/9/2014,-79.09555556,36.07111111,Etheostoma nigrum,1
finsync_usgs-02085000,2014,6/9/2014,-79.09555556,36.07111111,Hypentelium nigricans,1
finsync_usgs-02085000,2014,6/9/2014,-79.09555556,36.07111111,Lepomis auritus,1
finsync_usgs-02085000,2014,6/9/2014,-79.09555556,36.07111111,Lepomis cyanellus,1
finsync_usgs-02085000,2014,6/9/2014,-79.09555556,36.07111111,Lepomis gibbosus,1
finsync_usgs-02085000,2014,6/9/2014,-79.09555556,36.07111111,Lepomis gulosus,1
finsync_usgs-02085000,2014,6/9/2014,-79.09555556,36.07111111,Lepomis macrochirus,1
finsync_usgs-02085000,2014,6/9/2014,-79.09555556,36.07111111,Luxilus albeolus,1
finsync_usgs-02085000,2014,6/9/2014,-79.09555556,36.07111111,Micropterus salmoides,1
finsync_usgs-02085000,2014,6/9/2014,-79.09555556,36.07111111,Moxostoma cervinum,1
finsync_usgs-02085000,2014,6/9/2014,-79.09555556,36.07111111,Moxostoma collapsum,1
finsync_usgs-02085000,2014,6/9/2014,-79.09555556,36.07111111,Nocomis leptocephalus,1
finsync_usgs-02085000,2014,6/9/2014,-79.09555556,36.07111111,Notropis procne,1
finsync_usgs-02085000,2014,6/9/2014,-79.09555556,36.07111111,Noturus insignis,1
finsync_usgs-02085000,2014,6/9/2014,-79.09555556,36.07111111,Percina nevisense,1
finsync_usgs-02085000,2014,6/9/2014,-79.09555556,36.07111111,Percina roanoka,1
finsync_usgs-02085000,2014,6/9/2014,-79.09555556,36.07111111,Pomoxis nigromaculatus,1
finsync_usgs-0208500600,2003,6/12/2003,-79.08722222,36.06527778,Ameiurus natalis,1
finsync_usgs-0208500600,2003,6/12/2003,-79.08722222,36.06527778,Chrosomus oreas,1
finsync_usgs-0208500600,2003,6/12/2003,-79.08722222,36.06527778,Clinostomus funduloides,1
finsync_usgs-0208500600,2003,6/12/2003,-79.08722222,36.06527778,Etheostoma flabellare,1
finsync_usgs-0208500600,2003,6/12/2003,-79.08722222,36.06527778,Etheostoma olmstedi,1
finsync_usgs-0208500600,2003,6/12/2003,-79.08722222,36.06527778,Hypentelium nigricans,1
finsync_usgs-0208500600,2003,6/12/2003,-79.08722222,36.06527778,Lepomis auritus,1
finsync_usgs-0208500600,2003,6/12/2003,-79.08722222,36.06527778,Lepomis cyanellus,1
finsync_usgs-0208500600,2003,6/12/2003,-79.08722222,36.06527778,Lepomis macrochirus,1
finsync_usgs-0208500600,2003,6/12/2003,-79.08722222,36.06527778,Luxilus albeolus,1
finsync_usgs-0208500600,2003,6/12/2003,-79.08722222,36.06527778,Lythrurus ardens,1
finsync_usgs-0208500600,2003,6/12/2003,-79.08722222,36.06527778,Micropterus salmoides,1
finsync_usgs-0208500600,2003,6/12/2003,-79.08722222,36.06527778,Nocomis leptocephalus,1
finsync_usgs-0208500600,2003,6/12/2003,-79.08722222,36.06527778,Notropis procne,1
finsync_usgs-0208500600,2003,6/12/2003,-79.08722222,36.06527778,Percina crassa,1
finsync_usgs-0208501535,2003,6/12/2003,-79.06472222,36.0875,Ameiurus catus,1
finsync_usgs-0208501535,2003,6/12/2003,-79.06472222,36.0875,Ameiurus natalis,1
finsync_usgs-0208501535,2003,6/12/2003,-79.06472222,36.0875,Anguilla rostrata,1
finsync_usgs-0208501535,2003,6/12/2003,-79.06472222,36.0875,Chrosomus oreas,1
finsync_usgs-0208501535,2003,6/12/2003,-79.06472222,36.0875,Etheostoma flabellare,1
finsync_usgs-0208501535,2003,6/12/2003,-79.06472222,36.0875,Etheostoma olmstedi,1
finsync_usgs-0208501535,2003,6/12/2003,-79.06472222,36.0875,Lepomis auritus,1
finsync_usgs-0208501535,2003,6/12/2003,-79.06472222,36.0875,Lepomis cyanellus,1
finsync_usgs-0208501535,2003,6/12/2003,-79.06472222,36.0875,Lepomis macrochirus,1
finsync_usgs-0208501535,2003,6/12/2003,-79.06472222,36.0875,Luxilus albeolus,1
finsync_usgs-0208501535,2003,6/12/2003,-79.06472222,36.0875,Lythrurus ardens,1
finsync_usgs-0208501535,2003,6/12/2003,-79.06472222,36.0875,Micropterus salmoides,1
finsync_usgs-0208501535,2003,6/12/2003,-79.06472222,36.0875,Moxostoma cervinum,1
finsync_usgs-0208501535,2003,6/12/2003,-79.06472222,36.0875,Nocomis leptocephalus,1
finsync_usgs-0208501535,2003,6/12/2003,-79.06472222,36.0875,Notropis procne,1
finsync_usgs-0208501535,2003,6/12/2003,-79.06472222,36.0875,Noturus insignis,1
finsync_usgs-0208501535,2003,6/12/2003,-79.06472222,36.0875,Percina crassa,1
finsync_usgs-0208524090,2014,6/5/2014,-78.89666667,36.14972222,Etheostoma flabellare,1
finsync_usgs-0208524090,2014,6/5/2014,-78.89666667,36.14972222,Lepomis auritus,1
finsync_usgs-0208524090,2014,6/5/2014,-78.89666667,36.14972222,Lepomis cyanellus,1
finsync_usgs-0208524090,2014,6/5/2014,-78.89666667,36.14972222,Lepomis macrochirus,1
finsync_usgs-0208524090,2014,6/5/2014,-78.89666667,36.14972222,Luxilus albeolus,1
finsync_usgs-0208524090,2014,6/5/2014,-78.89666667,36.14972222,Nocomis leptocephalus,1
finsync_usgs-0208524090,2014,6/5/2014,-78.89666667,36.14972222,Noturus insignis,1
finsync_usgs-0208524090,2014,6/5/2014,-78.89666667,36.14972222,Perca flavescens,1
finsync_usgs-0208524975,2014,6/2/2014,-78.85972222,36.11333333,Ameiurus brunneus,1
finsync_usgs-0208524975,2014,6/2/2014,-78.85972222,36.11333333,Ameiurus catus,1
finsync_usgs-0208524975,2014,6/2/2014,-78.85972222,36.11333333,Cyprinella analostana,1
finsync_usgs-0208524975,2014,6/2/2014,-78.85972222,36.11333333,Etheostoma nigrum,1
finsync_usgs-0208524975,2014,6/2/2014,-78.85972222,36.11333333,Gambusia affinis,1
finsync_usgs-0208524975,2014,6/2/2014,-78.85972222,36.11333333,Lepomis auritus,1
finsync_usgs-0208524975,2014,6/2/2014,-78.85972222,36.11333333,Lepomis cyanellus,1
finsync_usgs-0208524975,2014,6/2/2014,-78.85972222,36.11333333,Lepomis gibbosus,1
finsync_usgs-0208524975,2014,6/2/2014,-78.85972222,36.11333333,Lepomis gulosus,1
finsync_usgs-0208524975,2014,6/2/2014,-78.85972222,36.11333333,Lepomis macrochirus,1
finsync_usgs-0208524975,2014,6/2/2014,-78.85972222,36.11333333,Lepomis microlophus,1
finsync_usgs-0208524975,2014,6/2/2014,-78.85972222,36.11333333,Luxilus albeolus,1
finsync_usgs-0208524975,2014,6/2/2014,-78.85972222,36.11333333,Lythrurus matutinus,1
finsync_usgs-0208524975,2014,6/2/2014,-78.85972222,36.11333333,Nocomis leptocephalus,1
finsync_usgs-0208524975,2014,6/2/2014,-78.85972222,36.11333333,Nocomis raneyi,1
finsync_usgs-0208524975,2014,6/2/2014,-78.85972222,36.11333333,Notropis hudsonius,1
finsync_usgs-0208524975,2014,6/2/2014,-78.85972222,36.11333333,Notropis procne,1
finsync_usgs-0208524975,2014,6/2/2014,-78.85972222,36.11333333,Noturus insignis,1
finsync_usgs-0208524975,2014,6/2/2014,-78.85972222,36.11333333,Perca flavescens,1
finsync_usgs-0208524975,2014,6/2/2014,-78.85972222,36.11333333,Percina nevisense,1
finsync_usgs-0208524975,2014,6/2/2014,-78.85972222,36.11333333,Percina roanoka,1
finsync_usgs-02085430,2003,6/24/2003,-78.88888889,36.24027778,Ameiurus natalis,1
finsync_usgs-02085430,2003,6/24/2003,-78.88888889,36.24027778,Ameiurus nebulosus,1
finsync_usgs-02085430,2003,6/24/2003,-78.88888889,36.24027778,Erimyzon oblongus,1
finsync_usgs-02085430,2003,6/24/2003,-78.88888889,36.24027778,Etheostoma flabellare,1
finsync_usgs-02085430,2003,6/24/2003,-78.88888889,36.24027778,Etheostoma olmstedi,1
finsync_usgs-02085430,2003,6/24/2003,-78.88888889,36.24027778,Hypentelium nigricans,1
finsync_usgs-02085430,2003,6/24/2003,-78.88888889,36.24027778,Lepomis auritus,1
finsync_usgs-02085430,2003,6/24/2003,-78.88888889,36.24027778,Lepomis cyanellus,1
finsync_usgs-02085430,2003,6/24/2003,-78.88888889,36.24027778,Lepomis macrochirus,1
finsync_usgs-02085430,2003,6/24/2003,-78.88888889,36.24027778,Luxilus albeolus,1
finsync_usgs-02085430,2003,6/24/2003,-78.88888889,36.24027778,Lythrurus ardens,1
finsync_usgs-02085430,2003,6/24/2003,-78.88888889,36.24027778,Micropterus salmoides,1
finsync_usgs-02085430,2003,6/24/2003,-78.88888889,36.24027778,Moxostoma pappillosum,1
finsync_usgs-02085430,2003,6/24/2003,-78.88888889,36.24027778,Nocomis leptocephalus,1
finsync_usgs-02085430,2003,6/24/2003,-78.88888889,36.24027778,Notropis procne,1
finsync_usgs-02085430,2003,6/24/2003,-78.88888889,36.24027778,Noturus insignis,1
finsync_usgs-02085430,2003,6/24/2003,-78.88888889,36.24027778,Percina peltata,1
finsync_usgs-02085430,2003,6/24/2003,-78.88888889,36.24027778,Percina roanoka,1
finsync_usgs-02085430,2003,6/24/2003,-78.88888889,36.24027778,Semotilus atromaculatus,1
finsync_usgs-02085500,2014,6/5/2014,-78.87888889,36.18277778,Ambloplites cavifrons,1
finsync_usgs-02085500,2014,6/5/2014,-78.87888889,36.18277778,Cyprinella analostana,1
finsync_usgs-02085500,2014,6/5/2014,-78.87888889,36.18277778,Etheostoma flabellare,1
finsync_usgs-02085500,2014,6/5/2014,-78.87888889,36.18277778,Etheostoma nigrum,1
finsync_usgs-02085500,2014,6/5/2014,-78.87888889,36.18277778,Fundulus rathbuni,1
finsync_usgs-02085500,2014,6/5/2014,-78.87888889,36.18277778,Lepomis auritus,1
finsync_usgs-02085500,2014,6/5/2014,-78.87888889,36.18277778,Lepomis cyanellus,1
finsync_usgs-02085500,2014,6/5/2014,-78.87888889,36.18277778,Lepomis macrochirus,1
finsync_usgs-02085500,2014,6/5/2014,-78.87888889,36.18277778,Luxilus albeolus,1
finsync_usgs-02085500,2014,6/5/2014,-78.87888889,36.18277778,Moxostoma cervinum,1
finsync_usgs-02085500,2014,6/5/2014,-78.87888889,36.18277778,Nocomis leptocephalus,1
finsync_usgs-02085500,2014,6/5/2014,-78.87888889,36.18277778,Notropis procne,1
finsync_usgs-02085500,2014,6/5/2014,-78.87888889,36.18277778,Noturus insignis,1
finsync_usgs-02085500,2014,6/5/2014,-78.87888889,36.18277778,Percina nevisense,1
finsync_usgs-02085500,2014,6/5/2014,-78.87888889,36.18277778,Percina roanoka,1
finsync_usgs-02085500,2014,6/5/2014,-78.87888889,36.18277778,Pomoxis nigromaculatus,1
finsync_usgs-02086500,2014,6/7/2014,-78.82888889,36.14861111,Ameiurus brunneus,1
finsync_usgs-02086500,2014,6/7/2014,-78.82888889,36.14861111,Ameiurus catus,1
finsync_usgs-02086500,2014,6/7/2014,-78.82888889,36.14861111,Ameiurus nebulosus,1
finsync_usgs-02086500,2014,6/7/2014,-78.82888889,36.14861111,Cyprinella analostana,1
finsync_usgs-02086500,2014,6/7/2014,-78.82888889,36.14861111,Ictalurus punctatus,1
finsync_usgs-02086500,2014,6/7/2014,-78.82888889,36.14861111,Lepomis auritus,1
finsync_usgs-02086500,2014,6/7/2014,-78.82888889,36.14861111,Lepomis cyanellus,1
finsync_usgs-02086500,2014,6/7/2014,-78.82888889,36.14861111,Lepomis gibbosus,1
finsync_usgs-02086500,2014,6/7/2014,-78.82888889,36.14861111,Lepomis gulosus,1
finsync_usgs-02086500,2014,6/7/2014,-78.82888889,36.14861111,Lepomis macrochirus,1
finsync_usgs-02086500,2014,6/7/2014,-78.82888889,36.14861111,Micropterus salmoides,1
finsync_usgs-02086500,2014,6/7/2014,-78.82888889,36.14861111,Notropis hudsonius,1
finsync_usgs-02086500,2014,6/7/2014,-78.82888889,36.14861111,Noturus insignis,1
finsync_usgs-02086500,2014,6/7/2014,-78.82888889,36.14861111,Perca flavescens,1
finsync_usgs-02086500,2014,6/7/2014,-78.82888889,36.14861111,Pomoxis nigromaculatus,1
finsync_usgs-02086849,2014,6/8/2014,-78.83224963,36.05939579,Ameiurus brunneus,1
finsync_usgs-02086849,2014,6/8/2014,-78.83224963,36.05939579,Ameiurus catus,1
finsync_usgs-02086849,2014,6/8/2014,-78.83224963,36.05939579,Ameiurus natalis,1
finsync_usgs-02086849,2014,6/8/2014,-78.83224963,36.05939579,Cyprinella analostana,1
finsync_usgs-02086849,2014,6/8/2014,-78.83224963,36.05939579,Cyprinus carpio,1
finsync_usgs-02086849,2014,6/8/2014,-78.83224963,36.05939579,Lepomis auritus,1
finsync_usgs-02086849,2014,6/8/2014,-78.83224963,36.05939579,Lepomis cyanellus,1
finsync_usgs-02086849,2014,6/8/2014,-78.83224963,36.05939579,Lepomis gibbosus,1
finsync_usgs-02086849,2014,6/8/2014,-78.83224963,36.05939579,Lepomis gulosus,1
finsync_usgs-02086849,2014,6/8/2014,-78.83224963,36.05939579,Lepomis macrochirus,1
finsync_usgs-02086849,2014,6/8/2014,-78.83224963,36.05939579,Micropterus salmoides,1
finsync_usgs-02086849,2014,6/8/2014,-78.83224963,36.05939579,Notropis hudsonius,1
finsync_usgs-02086849,2014,6/8/2014,-78.83224963,36.05939579,Notropis procne,1
finsync_usgs-0208725055,2003,6/9/2003,-78.78611111,35.83,Ameiurus catus,1
finsync_usgs-0208725055,2003,6/9/2003,-78.78611111,35.83,Cyprinella analostana,1
finsync_usgs-0208725055,2003,6/9/2003,-78.78611111,35.83,Etheostoma olmstedi,1
finsync_usgs-0208725055,2003,6/9/2003,-78.78611111,35.83,Gambusia affinis,1
finsync_usgs-0208725055,2003,6/9/2003,-78.78611111,35.83,Ictalurus punctatus,1
finsync_usgs-0208725055,2003,6/9/2003,-78.78611111,35.83,Lepomis cyanellus,1
finsync_usgs-0208725055,2003,6/9/2003,-78.78611111,35.83,Lepomis macrochirus,1
finsync_usgs-0208725055,2003,6/9/2003,-78.78611111,35.83,Luxilus albeolus,1
finsync_usgs-0208725055,2003,6/9/2003,-78.78611111,35.83,Micropterus salmoides,1
finsync_usgs-0208725055,2003,6/9/2003,-78.78611111,35.83,Nocomis leptocephalus,1
finsync_usgs-0208725055,2003,6/9/2003,-78.78611111,35.83,Notropis procne,1
finsync_usgs-0208725055,2003,6/9/2003,-78.78611111,35.83,Semotilus atromaculatus,1
finsync_usgs-0208726370,2003,6/9/2003,-78.73213889,35.81322222,Ameiurus natalis,1
finsync_usgs-0208726370,2003,6/9/2003,-78.73213889,35.81322222,Clinostomus funduloides,1
finsync_usgs-0208726370,2003,6/9/2003,-78.73213889,35.81322222,Erimyzon oblongus,1
finsync_usgs-0208726370,2003,6/9/2003,-78.73213889,35.81322222,Etheostoma olmstedi,1
finsync_usgs-0208726370,2003,6/9/2003,-78.73213889,35.81322222,Lepomis cyanellus,1
finsync_usgs-0208726370,2003,6/9/2003,-78.73213889,35.81322222,Lepomis gibbosus,1
finsync_usgs-0208726370,2003,6/9/2003,-78.73213889,35.81322222,Lepomis macrochirus,1
finsync_usgs-0208726370,2003,6/9/2003,-78.73213889,35.81322222,Luxilus albeolus,1
finsync_usgs-0208726370,2003,6/9/2003,-78.73213889,35.81322222,Nocomis leptocephalus,1
finsync_usgs-0208726370,2003,6/9/2003,-78.73213889,35.81322222,Notropis procne,1
finsync_usgs-0208726370,2003,6/9/2003,-78.73213889,35.81322222,Semotilus atromaculatus,1
finsync_usgs-0208726995,2003,6/9/2003,-78.69572222,35.86202778,Ameiurus natalis,1
finsync_usgs-0208726995,2003,6/9/2003,-78.69572222,35.86202778,Ameiurus platycephalus,1
finsync_usgs-0208726995,2003,6/9/2003,-78.69572222,35.86202778,Anguilla rostrata,1
finsync_usgs-0208726995,2003,6/9/2003,-78.69572222,35.86202778,Etheostoma flabellare,1
finsync_usgs-0208726995,2003,6/9/2003,-78.69572222,35.86202778,Etheostoma olmstedi,1
finsync_usgs-0208726995,2003,6/9/2003,-78.69572222,35.86202778,Hypentelium nigricans,1
finsync_usgs-0208726995,2003,6/9/2003,-78.69572222,35.86202778,Lepomis auritus,1
finsync_usgs-0208726995,2003,6/9/2003,-78.69572222,35.86202778,Lepomis cyanellus,1
finsync_usgs-0208726995,2003,6/9/2003,-78.69572222,35.86202778,Lepomis macrochirus,1
finsync_usgs-0208726995,2003,6/9/2003,-78.69572222,35.86202778,Luxilus albeolus,1
finsync_usgs-0208726995,2003,6/9/2003,-78.69572222,35.86202778,Moxostoma cervinum,1
finsync_usgs-0208726995,2003,6/9/2003,-78.69572222,35.86202778,Nocomis leptocephalus,1
finsync_usgs-0208726995,2003,6/9/2003,-78.69572222,35.86202778,Nocomis raneyi,1
finsync_usgs-0208726995,2003,6/9/2003,-78.69572222,35.86202778,Notemigonus crysoleucas,1
finsync_usgs-0208726995,2003,6/9/2003,-78.69572222,35.86202778,Notropis procne,1
finsync_usgs-0208726995,2003,6/9/2003,-78.69572222,35.86202778,Noturus insignis,1
finsync_usgs-0208726995,2003,6/9/2003,-78.69572222,35.86202778,Semotilus atromaculatus,1
finsync_usgs-0208730725,2003,6/9/2003,-78.66083333,35.81666667,Ameiurus natalis,1
finsync_usgs-0208730725,2003,6/9/2003,-78.66083333,35.81666667,Anguilla rostrata,1
finsync_usgs-0208730725,2003,6/9/2003,-78.66083333,35.81666667,Gambusia affinis,1
finsync_usgs-0208730725,2003,6/9/2003,-78.66083333,35.81666667,Lepomis auritus,1
finsync_usgs-0208730725,2003,6/9/2003,-78.66083333,35.81666667,Lepomis cyanellus,1
finsync_usgs-0208730725,2003,6/9/2003,-78.66083333,35.81666667,Lepomis macrochirus,1
finsync_usgs-0208730725,2003,6/9/2003,-78.66083333,35.81666667,Luxilus albeolus,1
finsync_usgs-0208730725,2003,6/9/2003,-78.66083333,35.81666667,Nocomis leptocephalus,1
finsync_usgs-0208730725,2003,6/9/2003,-78.66083333,35.81666667,Semotilus atromaculatus,1
finsync_usgs-0208732610,2003,6/13/2003,-78.61388889,35.80694444,Ameiurus natalis,1
finsync_usgs-0208732610,2003,6/13/2003,-78.61388889,35.80694444,Anguilla rostrata,1
finsync_usgs-0208732610,2003,6/13/2003,-78.61388889,35.80694444,Cyprinella analostana,1
finsync_usgs-0208732610,2003,6/13/2003,-78.61388889,35.80694444,Erimyzon oblongus,1
finsync_usgs-0208732610,2003,6/13/2003,-78.61388889,35.80694444,Etheostoma nigrum,1
finsync_usgs-0208732610,2003,6/13/2003,-78.61388889,35.80694444,Gambusia affinis,1
finsync_usgs-0208732610,2003,6/13/2003,-78.61388889,35.80694444,Hypentelium nigricans,1
finsync_usgs-0208732610,2003,6/13/2003,-78.61388889,35.80694444,Lepomis auritus,1
finsync_usgs-0208732610,2003,6/13/2003,-78.61388889,35.80694444,Lepomis cyanellus,1
finsync_usgs-0208732610,2003,6/13/2003,-78.61388889,35.80694444,Lepomis macrochirus,1
finsync_usgs-0208732610,2003,6/13/2003,-78.61388889,35.80694444,Lepomis microlophus,1
finsync_usgs-0208732610,2003,6/13/2003,-78.61388889,35.80694444,Luxilus albeolus,1
finsync_usgs-0208732610,2003,6/13/2003,-78.61388889,35.80694444,Lythrurus ardens,1
finsync_usgs-0208732610,2003,6/13/2003,-78.61388889,35.80694444,Micropterus salmoides,1
finsync_usgs-0208732610,2003,6/13/2003,-78.61388889,35.80694444,Nocomis leptocephalus,1
finsync_usgs-0208732610,2003,6/13/2003,-78.61388889,35.80694444,Notropis hudsonius,1
finsync_usgs-0208732610,2003,6/13/2003,-78.61388889,35.80694444,Notropis procne,1
finsync_usgs-0208732885,2014,6/9/2014,-78.59305556,35.81694444,Ameiurus brunneus,1
finsync_usgs-0208732885,2014,6/9/2014,-78.59305556,35.81694444,Ameiurus natalis,1
finsync_usgs-0208732885,2014,6/9/2014,-78.59305556,35.81694444,Anguilla rostrata,1
finsync_usgs-0208732885,2014,6/9/2014,-78.59305556,35.81694444,Etheostoma nigrum,1
finsync_usgs-0208732885,2014,6/9/2014,-78.59305556,35.81694444,Lepomis auritus,1
finsync_usgs-0208732885,2014,6/9/2014,-78.59305556,35.81694444,Lepomis cyanellus,1
finsync_usgs-0208732885,2014,6/9/2014,-78.59305556,35.81694444,Lepomis gibbosus,1
finsync_usgs-0208732885,2014,6/9/2014,-78.59305556,35.81694444,Lepomis gulosus,1
finsync_usgs-0208732885,2014,6/9/2014,-78.59305556,35.81694444,Lepomis macrochirus,1
finsync_usgs-0208732885,2014,6/9/2014,-78.59305556,35.81694444,Nocomis leptocephalus,1
finsync_usgs-0208732885,2014,6/9/2014,-78.59305556,35.81694444,Notemigonus crysoleucas,1
finsync_usgs-0208732885,2014,6/9/2014,-78.59305556,35.81694444,Notropis procne,1
finsync_usgs-02087580,2018,10/5/2018,-78.75222222,35.71888889,Ameiurus catus,1
finsync_usgs-02087580,2018,10/5/2018,-78.75222222,35.71888889,Ameiurus natalis,1
finsync_usgs-02087580,2018,10/5/2018,-78.75222222,35.71888889,Ameiurus nebulosus,1
finsync_usgs-02087580,2018,10/5/2018,-78.75222222,35.71888889,Ameiurus platycephalus,1
finsync_usgs-02087580,2018,10/5/2018,-78.75222222,35.71888889,Dorosoma cepedianum,1
finsync_usgs-02087580,2018,10/5/2018,-78.75222222,35.71888889,Erimyzon oblongus,1
finsync_usgs-02087580,2018,10/5/2018,-78.75222222,35.71888889,Etheostoma nigrum,1
finsync_usgs-02087580,2018,10/5/2018,-78.75222222,35.71888889,Gambusia affinis,1
finsync_usgs-02087580,2018,10/5/2018,-78.75222222,35.71888889,Lepomis auritus,1
finsync_usgs-02087580,2018,10/5/2018,-78.75222222,35.71888889,Lepomis cyanellus,1
finsync_usgs-02087580,2018,10/5/2018,-78.75222222,35.71888889,Lepomis gibbosus,1
finsync_usgs-02087580,2018,10/5/2018,-78.75222222,35.71888889,Lepomis gulosus,1
finsync_usgs-02087580,2018,10/5/2018,-78.75222222,35.71888889,Lepomis macrochirus,1
finsync_usgs-02087580,2018,10/5/2018,-78.75222222,35.71888889,Lepomis microlophus,1
finsync_usgs-02087580,2018,10/5/2018,-78.75222222,35.71888889,Micropterus salmoides,1
finsync_usgs-02087580,2018,10/5/2018,-78.75222222,35.71888889,Notropis procne,1
finsync_usgs-02087580,2018,10/5/2018,-78.75222222,35.71888889,Noturus insignis,1
finsync_usgs-02087580,2018,10/5/2018,-78.75222222,35.71888889,Pomoxis nigromaculatus,1
finsync_usgs-0208758440,2003,6/10/2003,-78.73527778,35.69222222,Ameiurus natalis,1
finsync_usgs-0208758440,2003,6/10/2003,-78.73527778,35.69222222,Aphredoderus sayanus,1
finsync_usgs-0208758440,2003,6/10/2003,-78.73527778,35.69222222,Erimyzon oblongus,1
finsync_usgs-0208758440,2003,6/10/2003,-78.73527778,35.69222222,Esox americanus,1
finsync_usgs-0208758440,2003,6/10/2003,-78.73527778,35.69222222,Etheostoma olmstedi,1
finsync_usgs-0208758440,2003,6/10/2003,-78.73527778,35.69222222,Lepomis auritus,1
finsync_usgs-0208758440,2003,6/10/2003,-78.73527778,35.69222222,Lepomis cyanellus,1
finsync_usgs-0208758440,2003,6/10/2003,-78.73527778,35.69222222,Lepomis gulosus,1
finsync_usgs-0208758440,2003,6/10/2003,-78.73527778,35.69222222,Lepomis macrochirus,1
finsync_usgs-0208758440,2003,6/10/2003,-78.73527778,35.69222222,Lepomis microlophus,1
finsync_usgs-0208758440,2003,6/10/2003,-78.73527778,35.69222222,Luxilus albeolus,1
finsync_usgs-0208758440,2003,6/10/2003,-78.73527778,35.69222222,Micropterus salmoides,1
finsync_usgs-0208758440,2003,6/10/2003,-78.73527778,35.69222222,Nocomis leptocephalus,1
finsync_usgs-0208758440,2003,6/10/2003,-78.73527778,35.69222222,Semotilus atromaculatus,1
finsync_usgs-0208758850,2014,6/2/2014,-78.69222222,35.69361111,Ameiurus catus,1
finsync_usgs-0208758850,2014,6/2/2014,-78.69222222,35.69361111,Ameiurus natalis,1
finsync_usgs-0208758850,2014,6/2/2014,-78.69222222,35.69361111,Anguilla rostrata,1
finsync_usgs-0208758850,2014,6/2/2014,-78.69222222,35.69361111,Cyprinella analostana,1
finsync_usgs-0208758850,2014,6/2/2014,-78.69222222,35.69361111,Dorosoma cepedianum,1
finsync_usgs-0208758850,2014,6/2/2014,-78.69222222,35.69361111,Enneacanthus gloriosus,1
finsync_usgs-0208758850,2014,6/2/2014,-78.69222222,35.69361111,Erimyzon oblongus,1
finsync_usgs-0208758850,2014,6/2/2014,-78.69222222,35.69361111,Esox americanus,1
finsync_usgs-0208758850,2014,6/2/2014,-78.69222222,35.69361111,Etheostoma nigrum,1
finsync_usgs-0208758850,2014,6/2/2014,-78.69222222,35.69361111,Ictalurus punctatus,1
finsync_usgs-0208758850,2014,6/2/2014,-78.69222222,35.69361111,Lepomis auritus,1
finsync_usgs-0208758850,2014,6/2/2014,-78.69222222,35.69361111,Lepomis cyanellus,1
finsync_usgs-0208758850,2014,6/2/2014,-78.69222222,35.69361111,Lepomis gibbosus,1
finsync_usgs-0208758850,2014,6/2/2014,-78.69222222,35.69361111,Lepomis macrochirus,1
finsync_usgs-0208758850,2014,6/2/2014,-78.69222222,35.69361111,Lepomis microlophus,1
finsync_usgs-0208758850,2014,6/2/2014,-78.69222222,35.69361111,Micropterus salmoides,1
finsync_usgs-0208758850,2014,6/2/2014,-78.69222222,35.69361111,Morone chrysops,1
finsync_usgs-0208758850,2014,6/2/2014,-78.69222222,35.69361111,Notemigonus crysoleucas,1
finsync_usgs-0208758850,2014,6/2/2014,-78.69222222,35.69361111,Notropis procne,1
finsync_usgs-0208758850,2014,6/2/2014,-78.69222222,35.69361111,Noturus insignis,1
finsync_usgs-0208758850,2014,6/2/2014,-78.69222222,35.69361111,Perca flavescens,1
finsync_usgs-0208794025,2003,6/10/2003,-78.76972222,35.66277778,Ameiurus natalis,1
finsync_usgs-0208794025,2003,6/10/2003,-78.76972222,35.66277778,Aphredoderus sayanus,1
finsync_usgs-0208794025,2003,6/10/2003,-78.76972222,35.66277778,Clinostomus funduloides,1
finsync_usgs-0208794025,2003,6/10/2003,-78.76972222,35.66277778,Erimyzon oblongus,1
finsync_usgs-0208794025,2003,6/10/2003,-78.76972222,35.66277778,Esox americanus,1
finsync_usgs-0208794025,2003,6/10/2003,-78.76972222,35.66277778,Etheostoma olmstedi,1
finsync_usgs-0208794025,2003,6/10/2003,-78.76972222,35.66277778,Gambusia affinis,1
finsync_usgs-0208794025,2003,6/10/2003,-78.76972222,35.66277778,Lepomis auritus,1
finsync_usgs-0208794025,2003,6/10/2003,-78.76972222,35.66277778,Lepomis cyanellus,1
finsync_usgs-0208794025,2003,6/10/2003,-78.76972222,35.66277778,Lepomis gulosus,1
finsync_usgs-0208794025,2003,6/10/2003,-78.76972222,35.66277778,Lepomis macrochirus,1
finsync_usgs-0208794025,2003,6/10/2003,-78.76972222,35.66277778,Luxilus albeolus,1
finsync_usgs-0208794025,2003,6/10/2003,-78.76972222,35.66277778,Nocomis leptocephalus,1
finsync_usgs-0208794025,2003,6/10/2003,-78.76972222,35.66277778,Notropis altipinnis,1
finsync_usgs-0208794025,2003,6/10/2003,-78.76972222,35.66277778,Noturus insignis,1
finsync_usgs-0208794025,2003,6/10/2003,-78.76972222,35.66277778,Semotilus atromaculatus,1
finsync_usgs-02088000,2014,6/3/2014,-78.59055556,35.57083333,Amia calva,1
finsync_usgs-02088000,2014,6/3/2014,-78.59055556,35.57083333,Anguilla rostrata,1
finsync_usgs-02088000,2014,6/3/2014,-78.59055556,35.57083333,Enneacanthus gloriosus,1
finsync_usgs-02088000,2014,6/3/2014,-78.59055556,35.57083333,Esox americanus,1
finsync_usgs-02088000,2014,6/3/2014,-78.59055556,35.57083333,Etheostoma nigrum,1
finsync_usgs-02088000,2014,6/3/2014,-78.59055556,35.57083333,Etheostoma vitreum,1
finsync_usgs-02088000,2014,6/3/2014,-78.59055556,35.57083333,Lepomis auritus,1
finsync_usgs-02088000,2014,6/3/2014,-78.59055556,35.57083333,Lepomis macrochirus,1
finsync_usgs-02088000,2014,6/3/2014,-78.59055556,35.57083333,Micropterus salmoides,1
finsync_usgs-02088000,2014,6/3/2014,-78.59055556,35.57083333,Moxostoma cervinum,1
finsync_usgs-02088000,2014,6/3/2014,-78.59055556,35.57083333,Notropis hudsonius,1
finsync_usgs-02088000,2014,6/3/2014,-78.59055556,35.57083333,Percina roanoka,1
finsync_usgs-02088000,2014,6/3/2014,-78.59055556,35.57083333,Pomoxis nigromaculatus,1
finsync_usgs-02088000,2014,6/3/2014,-78.59055556,35.57083333,Pylodictis olivaris,1
finsync_usgs-02090380,2014,6/4/2014,-78.10972222,35.69111111,Ameiurus catus,1
finsync_usgs-02090380,2014,6/4/2014,-78.10972222,35.69111111,Ameiurus natalis,1
finsync_usgs-02090380,2014,6/4/2014,-78.10972222,35.69111111,Anguilla rostrata,1
finsync_usgs-02090380,2014,6/4/2014,-78.10972222,35.69111111,Enneacanthus gloriosus,1
finsync_usgs-02090380,2014,6/4/2014,-78.10972222,35.69111111,Etheostoma olmstedi,1
finsync_usgs-02090380,2014,6/4/2014,-78.10972222,35.69111111,Ictalurus punctatus,1
finsync_usgs-02090380,2014,6/4/2014,-78.10972222,35.69111111,Lepomis auritus,1
finsync_usgs-02090380,2014,6/4/2014,-78.10972222,35.69111111,Lepomis gibbosus,1
finsync_usgs-02090380,2014,6/4/2014,-78.10972222,35.69111111,Lepomis gulosus,1
finsync_usgs-02090380,2014,6/4/2014,-78.10972222,35.69111111,Lepomis macrochirus,1
finsync_usgs-02090380,2014,6/4/2014,-78.10972222,35.69111111,Micropterus salmoides,1
finsync_usgs-02090380,2014,6/4/2014,-78.10972222,35.69111111,Morone americana,1
finsync_usgs-02090380,2014,6/4/2014,-78.10972222,35.69111111,Moxostoma collapsum,1
finsync_usgs-02090380,2014,6/4/2014,-78.10972222,35.69111111,Nocomis leptocephalus,1
finsync_usgs-02090380,2014,6/4/2014,-78.10972222,35.69111111,Notropis procne,1
finsync_usgs-02090380,2014,6/4/2014,-78.10972222,35.69111111,Noturus gyrinus,1
finsync_usgs-02090380,2014,6/4/2014,-78.10972222,35.69111111,Noturus insignis,1
finsync_usgs-02090380,2014,6/4/2014,-78.10972222,35.69111111,Percina roanoka,1
finsync_usgs-02090380,2014,6/4/2014,-78.10972222,35.69111111,Pomoxis nigromaculatus,1
finsync_usgs-02091500,2008,10/27/2008,-77.5825,35.42888889,Anguilla rostrata,1
finsync_usgs-02091500,2008,10/27/2008,-77.5825,35.42888889,Aphredoderus sayanus,1
finsync_usgs-02091500,2008,10/27/2008,-77.5825,35.42888889,Cyprinella analostana,1
finsync_usgs-02091500,2008,10/27/2008,-77.5825,35.42888889,Esox niger,1
finsync_usgs-02091500,2008,10/27/2008,-77.5825,35.42888889,Etheostoma olmstedi,1
finsync_usgs-02091500,2008,10/27/2008,-77.5825,35.42888889,Etheostoma vitreum,1
finsync_usgs-02091500,2008,10/27/2008,-77.5825,35.42888889,Gambusia affinis,1
finsync_usgs-02091500,2008,10/27/2008,-77.5825,35.42888889,Hybognathus regius,1
finsync_usgs-02091500,2008,10/27/2008,-77.5825,35.42888889,Ictalurus punctatus,1
finsync_usgs-02091500,2008,10/27/2008,-77.5825,35.42888889,Lepomis auritus,1
finsync_usgs-02091500,2008,10/27/2008,-77.5825,35.42888889,Lepomis macrochirus,1
finsync_usgs-02091500,2008,10/27/2008,-77.5825,35.42888889,Lepomis microlophus,1
finsync_usgs-02091500,2008,10/27/2008,-77.5825,35.42888889,Micropterus salmoides,1
finsync_usgs-02091500,2008,10/27/2008,-77.5825,35.42888889,Notropis procne,1
finsync_usgs-02091500,2008,10/27/2008,-77.5825,35.42888889,Percina roanoka,1
finsync_usgs-02093800,2014,6/2/2014,-79.95277778,36.1725,Acantharchus pomotis,1
finsync_usgs-02093800,2014,6/2/2014,-79.95277778,36.1725,Ameiurus brunneus,1
finsync_usgs-02093800,2014,6/2/2014,-79.95277778,36.1725,Aphredoderus sayanus,1
finsync_usgs-02093800,2014,6/2/2014,-79.95277778,36.1725,Catostomus commersonii,1
finsync_usgs-02093800,2014,6/2/2014,-79.95277778,36.1725,Chrosomus oreas,1
finsync_usgs-02093800,2014,6/2/2014,-79.95277778,36.1725,Clinostomus funduloides,1
finsync_usgs-02093800,2014,6/2/2014,-79.95277778,36.1725,Cyprinella lutrensis,1
finsync_usgs-02093800,2014,6/2/2014,-79.95277778,36.1725,Enneacanthus gloriosus,1
finsync_usgs-02093800,2014,6/2/2014,-79.95277778,36.1725,Esox americanus,1
finsync_usgs-02093800,2014,6/2/2014,-79.95277778,36.1725,Esox niger,1
finsync_usgs-02093800,2014,6/2/2014,-79.95277778,36.1725,Etheostoma olmstedi,1
finsync_usgs-02093800,2014,6/2/2014,-79.95277778,36.1725,Lepomis auritus,1
finsync_usgs-02093800,2014,6/2/2014,-79.95277778,36.1725,Lepomis cyanellus,1
finsync_usgs-02093800,2014,6/2/2014,-79.95277778,36.1725,Lepomis macrochirus,1
finsync_usgs-02093800,2014,6/2/2014,-79.95277778,36.1725,Luxilus cerasinus,1
finsync_usgs-02093800,2014,6/2/2014,-79.95277778,36.1725,Lythrurus fasciolaris,1
finsync_usgs-02093800,2014,6/2/2014,-79.95277778,36.1725,Micropterus salmoides,1
finsync_usgs-02093800,2014,6/2/2014,-79.95277778,36.1725,Nocomis leptocephalus,1
finsync_usgs-02093800,2014,6/2/2014,-79.95277778,36.1725,Noturus insignis,1
finsync_usgs-02093800,2014,6/2/2014,-79.95277778,36.1725,Semotilus atromaculatus,1
finsync_usgs-02094659,2014,6/3/2014,-79.85527778,36.04944444,Catostomus commersonii,1
finsync_usgs-02094659,2014,6/3/2014,-79.85527778,36.04944444,Lepomis auritus,1
finsync_usgs-02094659,2014,6/3/2014,-79.85527778,36.04944444,Semotilus atromaculatus,1
finsync_usgs-0209517912,2003,6/12/2003,-79.82888889,36.08916667,Ameiurus platycephalus,1
finsync_usgs-0209517912,2003,6/12/2003,-79.82888889,36.08916667,Catostomus commersonii,1
finsync_usgs-0209517912,2003,6/12/2003,-79.82888889,36.08916667,Cyprinella lutrensis,1
finsync_usgs-0209517912,2003,6/12/2003,-79.82888889,36.08916667,Erimyzon oblongus,1
finsync_usgs-0209517912,2003,6/12/2003,-79.82888889,36.08916667,Fundulus rathbuni,1
finsync_usgs-0209517912,2003,6/12/2003,-79.82888889,36.08916667,Lepomis auritus,1
finsync_usgs-0209517912,2003,6/12/2003,-79.82888889,36.08916667,Lepomis cyanellus,1
finsync_usgs-0209517912,2003,6/12/2003,-79.82888889,36.08916667,Lepomis gibbosus,1
finsync_usgs-0209517912,2003,6/12/2003,-79.82888889,36.08916667,Lepomis macrochirus,1
finsync_usgs-0209517912,2003,6/12/2003,-79.82888889,36.08916667,Luxilus cerasinus,1
finsync_usgs-0209517912,2003,6/12/2003,-79.82888889,36.08916667,Micropterus salmoides,1
finsync_usgs-0209517912,2003,6/12/2003,-79.82888889,36.08916667,Nocomis leptocephalus,1
finsync_usgs-0209517912,2003,6/12/2003,-79.82888889,36.08916667,Semotilus atromaculatus,1
finsync_usgs-02095181,2014,6/3/2014,-79.81277778,36.07916667,Ameiurus brunneus,1
finsync_usgs-02095181,2014,6/3/2014,-79.81277778,36.07916667,Ameiurus melas,1
finsync_usgs-02095181,2014,6/3/2014,-79.81277778,36.07916667,Ameiurus platycephalus,1
finsync_usgs-02095181,2014,6/3/2014,-79.81277778,36.07916667,Catostomus commersonii,1
finsync_usgs-02095181,2014,6/3/2014,-79.81277778,36.07916667,Erimyzon oblongus,1
finsync_usgs-02095181,2014,6/3/2014,-79.81277778,36.07916667,Etheostoma olmstedi,1
finsync_usgs-02095181,2014,6/3/2014,-79.81277778,36.07916667,Fundulus rathbuni,1
finsync_usgs-02095181,2014,6/3/2014,-79.81277778,36.07916667,Lepomis auritus,1
finsync_usgs-02095181,2014,6/3/2014,-79.81277778,36.07916667,Lepomis cyanellus,1
finsync_usgs-02095181,2014,6/3/2014,-79.81277778,36.07916667,Lepomis macrochirus,1
finsync_usgs-02095181,2014,6/3/2014,-79.81277778,36.07916667,Micropterus salmoides,1
finsync_usgs-02095181,2014,6/3/2014,-79.81277778,36.07916667,Nocomis leptocephalus,1
finsync_usgs-02095181,2014,6/3/2014,-79.81277778,36.07916667,Notemigonus crysoleucas,1
finsync_usgs-02095181,2014,6/3/2014,-79.81277778,36.07916667,Pomoxis nigromaculatus,1
finsync_usgs-0209647280,2003,6/23/2003,-79.4025,36.10944444,Catostomus commersonii,1
finsync_usgs-0209647280,2003,6/23/2003,-79.4025,36.10944444,Cyprinella analostana,1
finsync_usgs-0209647280,2003,6/23/2003,-79.4025,36.10944444,Erimyzon oblongus,1
finsync_usgs-0209647280,2003,6/23/2003,-79.4025,36.10944444,Etheostoma olmstedi,1
finsync_usgs-0209647280,2003,6/23/2003,-79.4025,36.10944444,Fundulus rathbuni,1
finsync_usgs-0209647280,2003,6/23/2003,-79.4025,36.10944444,Lepomis auritus,1
finsync_usgs-0209647280,2003,6/23/2003,-79.4025,36.10944444,Lepomis cyanellus,1
finsync_usgs-0209647280,2003,6/23/2003,-79.4025,36.10944444,Luxilus albeolus,1
finsync_usgs-0209647280,2003,6/23/2003,-79.4025,36.10944444,Luxilus cerasinus,1
finsync_usgs-0209647280,2003,6/23/2003,-79.4025,36.10944444,Lythrurus ardens,1
finsync_usgs-0209647280,2003,6/23/2003,-79.4025,36.10944444,Micropterus salmoides,1
finsync_usgs-0209647280,2003,6/23/2003,-79.4025,36.10944444,Nocomis leptocephalus,1
finsync_usgs-0209647280,2003,6/23/2003,-79.4025,36.10944444,Notropis hudsonius,1
finsync_usgs-0209647280,2003,6/23/2003,-79.4025,36.10944444,Noturus insignis,1
finsync_usgs-0209647280,2003,6/23/2003,-79.4025,36.10944444,Semotilus atromaculatus,1
finsync_usgs-0209647295,2003,6/23/2003,-79.40333333,36.10888889,Ameiurus natalis,1
finsync_usgs-0209647295,2003,6/23/2003,-79.40333333,36.10888889,Catostomus commersonii,1
finsync_usgs-0209647295,2003,6/23/2003,-79.40333333,36.10888889,Erimyzon oblongus,1
finsync_usgs-0209647295,2003,6/23/2003,-79.40333333,36.10888889,Etheostoma olmstedi,1
finsync_usgs-0209647295,2003,6/23/2003,-79.40333333,36.10888889,Fundulus rathbuni,1
finsync_usgs-0209647295,2003,6/23/2003,-79.40333333,36.10888889,Lepomis auritus,1
finsync_usgs-0209647295,2003,6/23/2003,-79.40333333,36.10888889,Lepomis cyanellus,1
finsync_usgs-0209647295,2003,6/23/2003,-79.40333333,36.10888889,Lepomis macrochirus,1
finsync_usgs-0209647295,2003,6/23/2003,-79.40333333,36.10888889,Luxilus albeolus,1
finsync_usgs-0209647295,2003,6/23/2003,-79.40333333,36.10888889,Luxilus cerasinus,1
finsync_usgs-0209647295,2003,6/23/2003,-79.40333333,36.10888889,Micropterus salmoides,1
finsync_usgs-0209647295,2003,6/23/2003,-79.40333333,36.10888889,Nocomis leptocephalus,1
finsync_usgs-0209647295,2003,6/23/2003,-79.40333333,36.10888889,Notropis hudsonius,1
finsync_usgs-0209647295,2003,6/23/2003,-79.40333333,36.10888889,Noturus insignis,1
finsync_usgs-0209647295,2003,6/23/2003,-79.40333333,36.10888889,Semotilus atromaculatus,1
finsync_usgs-0209651815,2003,6/13/2003,-79.37833333,36.05833333,Ameiurus natalis,1
finsync_usgs-0209651815,2003,6/13/2003,-79.37833333,36.05833333,Catostomus commersonii,1
finsync_usgs-0209651815,2003,6/13/2003,-79.37833333,36.05833333,Fundulus rathbuni,1
finsync_usgs-0209651815,2003,6/13/2003,-79.37833333,36.05833333,Lepomis auritus,1
finsync_usgs-0209651815,2003,6/13/2003,-79.37833333,36.05833333,Lepomis cyanellus,1
finsync_usgs-0209651815,2003,6/13/2003,-79.37833333,36.05833333,Luxilus cerasinus,1
finsync_usgs-0209651815,2003,6/13/2003,-79.37833333,36.05833333,Nocomis leptocephalus,1
finsync_usgs-0209651815,2003,6/13/2003,-79.37833333,36.05833333,Semotilus atromaculatus,1
finsync_usgs-0209665940,2003,6/10/2003,-79.59944444,36.065,Ameiurus platycephalus,1
finsync_usgs-0209665940,2003,6/10/2003,-79.59944444,36.065,Etheostoma flabellare,1
finsync_usgs-0209665940,2003,6/10/2003,-79.59944444,36.065,Fundulus rathbuni,1
finsync_usgs-0209665940,2003,6/10/2003,-79.59944444,36.065,Lepomis auritus,1
finsync_usgs-0209665940,2003,6/10/2003,-79.59944444,36.065,Lepomis cyanellus,1
finsync_usgs-0209665940,2003,6/10/2003,-79.59944444,36.065,Lepomis macrochirus,1
finsync_usgs-0209665940,2003,6/10/2003,-79.59944444,36.065,Micropterus salmoides,1
finsync_usgs-0209665940,2003,6/10/2003,-79.59944444,36.065,Nocomis leptocephalus,1
finsync_usgs-0209665940,2003,6/10/2003,-79.59944444,36.065,Notropis procne,1
finsync_usgs-0209665940,2003,6/10/2003,-79.59944444,36.065,Semotilus atromaculatus,1
finsync_usgs-0209665990,2003,6/10/2003,-79.59944444,36.06583333,Ameiurus platycephalus,1
finsync_usgs-0209665990,2003,6/10/2003,-79.59944444,36.06583333,Etheostoma flabellare,1
finsync_usgs-0209665990,2003,6/10/2003,-79.59944444,36.06583333,Etheostoma olmstedi,1
finsync_usgs-0209665990,2003,6/10/2003,-79.59944444,36.06583333,Fundulus rathbuni,1
finsync_usgs-0209665990,2003,6/10/2003,-79.59944444,36.06583333,Lepomis auritus,1
finsync_usgs-0209665990,2003,6/10/2003,-79.59944444,36.06583333,Lepomis cyanellus,1
finsync_usgs-0209665990,2003,6/10/2003,-79.59944444,36.06583333,Lepomis gulosus,1
finsync_usgs-0209665990,2003,6/10/2003,-79.59944444,36.06583333,Lepomis macrochirus,1
finsync_usgs-0209665990,2003,6/10/2003,-79.59944444,36.06583333,Nocomis leptocephalus,1
finsync_usgs-0209665990,2003,6/10/2003,-79.59944444,36.06583333,Notropis hudsonius,1
finsync_usgs-0209665990,2003,6/10/2003,-79.59944444,36.06583333,Perca flavescens,1
finsync_usgs-0209679804,2003,6/23/2003,-79.41027778,36.03611111,Catostomus commersonii,1
finsync_usgs-0209679804,2003,6/23/2003,-79.41027778,36.03611111,Erimyzon oblongus,1
finsync_usgs-0209679804,2003,6/23/2003,-79.41027778,36.03611111,Etheostoma olmstedi,1
finsync_usgs-0209679804,2003,6/23/2003,-79.41027778,36.03611111,Fundulus rathbuni,1
finsync_usgs-0209679804,2003,6/23/2003,-79.41027778,36.03611111,Lepomis auritus,1
finsync_usgs-0209679804,2003,6/23/2003,-79.41027778,36.03611111,Lepomis cyanellus,1
finsync_usgs-0209679804,2003,6/23/2003,-79.41027778,36.03611111,Lepomis macrochirus,1
finsync_usgs-0209679804,2003,6/23/2003,-79.41027778,36.03611111,Lepomis microlophus,1
finsync_usgs-0209679804,2003,6/23/2003,-79.41027778,36.03611111,Luxilus albeolus,1
finsync_usgs-0209679804,2003,6/23/2003,-79.41027778,36.03611111,Luxilus cerasinus,1
finsync_usgs-0209679804,2003,6/23/2003,-79.41027778,36.03611111,Lythrurus ardens,1
finsync_usgs-0209679804,2003,6/23/2003,-79.41027778,36.03611111,Micropterus salmoides,1
finsync_usgs-0209679804,2003,6/23/2003,-79.41027778,36.03611111,Nocomis leptocephalus,1
finsync_usgs-0209679804,2003,6/23/2003,-79.41027778,36.03611111,Notropis hudsonius,1
finsync_usgs-0209679804,2003,6/23/2003,-79.41027778,36.03611111,Noturus insignis,1
finsync_usgs-0209679804,2003,6/23/2003,-79.41027778,36.03611111,Semotilus atromaculatus,1
finsync_usgs-02096846,2014,6/10/2014,-79.20611111,35.98722222,Etheostoma olmstedi,1
finsync_usgs-02096846,2014,6/10/2014,-79.20611111,35.98722222,Lepomis auritus,1
finsync_usgs-02096846,2014,6/10/2014,-79.20611111,35.98722222,Lepomis cyanellus,1
finsync_usgs-02096846,2014,6/10/2014,-79.20611111,35.98722222,Lepomis macrochirus,1
finsync_usgs-02096846,2014,6/10/2014,-79.20611111,35.98722222,Nocomis leptocephalus,1
finsync_usgs-02096846,2014,6/10/2014,-79.20611111,35.98722222,Notemigonus crysoleucas,1
finsync_usgs-02096846,2014,6/10/2014,-79.20611111,35.98722222,Noturus insignis,1
finsync_usgs-02096846,2014,6/10/2014,-79.20611111,35.98722222,Semotilus atromaculatus,1
finsync_usgs-0209695780,2003,6/11/2003,-79.16777778,35.77611111,Aphredoderus sayanus,1
finsync_usgs-0209695780,2003,6/11/2003,-79.16777778,35.77611111,Cyprinus carpio,1
finsync_usgs-0209695780,2003,6/11/2003,-79.16777778,35.77611111,Erimyzon oblongus,1
finsync_usgs-0209695780,2003,6/11/2003,-79.16777778,35.77611111,Etheostoma olmstedi,1
finsync_usgs-0209695780,2003,6/11/2003,-79.16777778,35.77611111,Fundulus rathbuni,1
finsync_usgs-0209695780,2003,6/11/2003,-79.16777778,35.77611111,Ictalurus punctatus,1
finsync_usgs-0209695780,2003,6/11/2003,-79.16777778,35.77611111,Lepomis auritus,1
finsync_usgs-0209695780,2003,6/11/2003,-79.16777778,35.77611111,Lepomis cyanellus,1
finsync_usgs-0209695780,2003,6/11/2003,-79.16777778,35.77611111,Lepomis gibbosus,1
finsync_usgs-0209695780,2003,6/11/2003,-79.16777778,35.77611111,Lepomis macrochirus,1
finsync_usgs-0209695780,2003,6/11/2003,-79.16777778,35.77611111,Lepomis microlophus,1
finsync_usgs-0209695780,2003,6/11/2003,-79.16777778,35.77611111,Luxilus albeolus,1
finsync_usgs-0209695780,2003,6/11/2003,-79.16777778,35.77611111,Moxostoma anisurum,1
finsync_usgs-0209695780,2003,6/11/2003,-79.16777778,35.77611111,Nocomis leptocephalus,1
finsync_usgs-0209695780,2003,6/11/2003,-79.16777778,35.77611111,Notropis altipinnis,1
finsync_usgs-0209695780,2003,6/11/2003,-79.16777778,35.77611111,Notropis hudsonius,1
finsync_usgs-0209695780,2003,6/11/2003,-79.16777778,35.77611111,Notropis scepticus,1
finsync_usgs-0209695780,2003,6/11/2003,-79.16777778,35.77611111,Noturus insignis,1
finsync_usgs-0209695780,2003,6/11/2003,-79.16777778,35.77611111,Perca flavescens,1
finsync_usgs-0209695780,2003,6/11/2003,-79.16777778,35.77611111,Percina crassa,1
finsync_usgs-0209695780,2003,6/11/2003,-79.16777778,35.77611111,Pimephales promelas,1
finsync_usgs-0209695780,2003,6/11/2003,-79.16777778,35.77611111,Semotilus atromaculatus,1
finsync_usgs-0209697900,2003,6/11/2003,-79.12027778,35.77444444,Ameiurus catus,1
finsync_usgs-0209697900,2003,6/11/2003,-79.12027778,35.77444444,Aphredoderus sayanus,1
finsync_usgs-0209697900,2003,6/11/2003,-79.12027778,35.77444444,Chrosomus oreas,1
finsync_usgs-0209697900,2003,6/11/2003,-79.12027778,35.77444444,Cyprinella analostana,1
finsync_usgs-0209697900,2003,6/11/2003,-79.12027778,35.77444444,Erimyzon oblongus,1
finsync_usgs-0209697900,2003,6/11/2003,-79.12027778,35.77444444,Esox americanus,1
finsync_usgs-0209697900,2003,6/11/2003,-79.12027778,35.77444444,Etheostoma olmstedi,1
finsync_usgs-0209697900,2003,6/11/2003,-79.12027778,35.77444444,Fundulus rathbuni,1
finsync_usgs-0209697900,2003,6/11/2003,-79.12027778,35.77444444,Lepomis auritus,1
finsync_usgs-0209697900,2003,6/11/2003,-79.12027778,35.77444444,Lepomis cyanellus,1
finsync_usgs-0209697900,2003,6/11/2003,-79.12027778,35.77444444,Lepomis macrochirus,1
finsync_usgs-0209697900,2003,6/11/2003,-79.12027778,35.77444444,Lepomis microlophus,1
finsync_usgs-0209697900,2003,6/11/2003,-79.12027778,35.77444444,Luxilus albeolus,1
finsync_usgs-0209697900,2003,6/11/2003,-79.12027778,35.77444444,Nocomis leptocephalus,1
finsync_usgs-0209697900,2003,6/11/2003,-79.12027778,35.77444444,Notropis altipinnis,1
finsync_usgs-0209697900,2003,6/11/2003,-79.12027778,35.77444444,Noturus insignis,1
finsync_usgs-0209722970,2014,6/8/2014,-78.95680556,35.98322222,Lepomis cyanellus,1
finsync_usgs-0209722970,2014,6/8/2014,-78.95680556,35.98322222,Lepomis macrochirus,1
finsync_usgs-0209722970,2014,6/8/2014,-78.95680556,35.98322222,Micropterus salmoides,1
finsync_usgs-02097280,2014,6/8/2014,-78.95241667,35.92263889,Ameiurus catus,1
finsync_usgs-02097280,2014,6/8/2014,-78.95241667,35.92263889,Cyprinella analostana,1
finsync_usgs-02097280,2014,6/8/2014,-78.95241667,35.92263889,Esox americanus,1
finsync_usgs-02097280,2014,6/8/2014,-78.95241667,35.92263889,Etheostoma olmstedi,1
finsync_usgs-02097280,2014,6/8/2014,-78.95241667,35.92263889,Lepomis auritus,1
finsync_usgs-02097280,2014,6/8/2014,-78.95241667,35.92263889,Lepomis cyanellus,1
finsync_usgs-02097280,2014,6/8/2014,-78.95241667,35.92263889,Lepomis gibbosus,1
finsync_usgs-02097280,2014,6/8/2014,-78.95241667,35.92263889,Lepomis gulosus,1
finsync_usgs-02097280,2014,6/8/2014,-78.95241667,35.92263889,Lepomis macrochirus,1
finsync_usgs-0209734440,2014,6/6/2014,-79.066,35.92230556,Ameiurus natalis,1
finsync_usgs-0209734440,2014,6/6/2014,-79.066,35.92230556,Ameiurus platycephalus,1
finsync_usgs-0209734440,2014,6/6/2014,-79.066,35.92230556,Aphredoderus sayanus,1
finsync_usgs-0209734440,2014,6/6/2014,-79.066,35.92230556,Erimyzon oblongus,1
finsync_usgs-0209734440,2014,6/6/2014,-79.066,35.92230556,Etheostoma olmstedi,1
finsync_usgs-0209734440,2014,6/6/2014,-79.066,35.92230556,Fundulus rathbuni,1
finsync_usgs-0209734440,2014,6/6/2014,-79.066,35.92230556,Lepomis auritus,1
finsync_usgs-0209734440,2014,6/6/2014,-79.066,35.92230556,Lepomis cyanellus,1
finsync_usgs-0209734440,2014,6/6/2014,-79.066,35.92230556,Lepomis macrochirus,1
finsync_usgs-0209734440,2014,6/6/2014,-79.066,35.92230556,Luxilus albeolus,1
finsync_usgs-0209734440,2014,6/6/2014,-79.066,35.92230556,Luxilus cerasinus,1
finsync_usgs-0209734440,2014,6/6/2014,-79.066,35.92230556,Micropterus salmoides,1
finsync_usgs-0209734440,2014,6/6/2014,-79.066,35.92230556,Nocomis leptocephalus,1
finsync_usgs-0209734440,2014,6/6/2014,-79.066,35.92230556,Noturus insignis,1
finsync_usgs-02097355,2003,6/18/2003,-79.03833333,35.92722222,Ameiurus natalis,1
finsync_usgs-02097355,2003,6/18/2003,-79.03833333,35.92722222,Ameiurus nebulosus,1
finsync_usgs-02097355,2003,6/18/2003,-79.03833333,35.92722222,Aphredoderus sayanus,1
finsync_usgs-02097355,2003,6/18/2003,-79.03833333,35.92722222,Clinostomus funduloides,1
finsync_usgs-02097355,2003,6/18/2003,-79.03833333,35.92722222,Erimyzon oblongus,1
finsync_usgs-02097355,2003,6/18/2003,-79.03833333,35.92722222,Esox americanus,1
finsync_usgs-02097355,2003,6/18/2003,-79.03833333,35.92722222,Etheostoma olmstedi,1
finsync_usgs-02097355,2003,6/18/2003,-79.03833333,35.92722222,Fundulus rathbuni,1
finsync_usgs-02097355,2003,6/18/2003,-79.03833333,35.92722222,Lepomis auritus,1
finsync_usgs-02097355,2003,6/18/2003,-79.03833333,35.92722222,Lepomis cyanellus,1
finsync_usgs-02097355,2003,6/18/2003,-79.03833333,35.92722222,Lepomis gulosus,1
finsync_usgs-02097355,2003,6/18/2003,-79.03833333,35.92722222,Lepomis macrochirus,1
finsync_usgs-02097355,2003,6/18/2003,-79.03833333,35.92722222,Lepomis microlophus,1
finsync_usgs-02097355,2003,6/18/2003,-79.03833333,35.92722222,Luxilus albeolus,1
finsync_usgs-02097355,2003,6/18/2003,-79.03833333,35.92722222,Micropterus salmoides,1
finsync_usgs-02097355,2003,6/18/2003,-79.03833333,35.92722222,Nocomis leptocephalus,1
finsync_usgs-02097355,2003,6/18/2003,-79.03833333,35.92722222,Notemigonus crysoleucas,1
finsync_usgs-02097355,2003,6/18/2003,-79.03833333,35.92722222,Notropis alborus,1
finsync_usgs-02097355,2003,6/18/2003,-79.03833333,35.92722222,Percina crassa,1
finsync_usgs-02097355,2003,6/18/2003,-79.03833333,35.92722222,Semotilus atromaculatus,1
finsync_usgs-02097464,2014,6/10/2014,-79.115,35.92361111,Aphredoderus sayanus,1
finsync_usgs-02097464,2014,6/10/2014,-79.115,35.92361111,Clinostomus funduloides,1
finsync_usgs-02097464,2014,6/10/2014,-79.115,35.92361111,Erimyzon oblongus,1
finsync_usgs-02097464,2014,6/10/2014,-79.115,35.92361111,Etheostoma olmstedi,1
finsync_usgs-02097464,2014,6/10/2014,-79.115,35.92361111,Lepomis auritus,1
finsync_usgs-02097464,2014,6/10/2014,-79.115,35.92361111,Lepomis cyanellus,1
finsync_usgs-02097464,2014,6/10/2014,-79.115,35.92361111,Lepomis macrochirus,1
finsync_usgs-02097464,2014,6/10/2014,-79.115,35.92361111,Luxilus albeolus,1
finsync_usgs-02097464,2014,6/10/2014,-79.115,35.92361111,Micropterus salmoides,1
finsync_usgs-02097464,2014,6/10/2014,-79.115,35.92361111,Nocomis leptocephalus,1
finsync_usgs-02097464,2014,6/10/2014,-79.115,35.92361111,Notropis altipinnis,1
finsync_usgs-02097464,2014,6/10/2014,-79.115,35.92361111,Noturus insignis,1
finsync_usgs-02097464,2014,6/10/2014,-79.115,35.92361111,Semotilus atromaculatus,1
finsync_usgs-0209750881,2003,6/18/2003,-79.06111111,35.89166667,Aphredoderus sayanus,1
finsync_usgs-0209750881,2003,6/18/2003,-79.06111111,35.89166667,Cyprinella analostana,1
finsync_usgs-0209750881,2003,6/18/2003,-79.06111111,35.89166667,Erimyzon oblongus,1
finsync_usgs-0209750881,2003,6/18/2003,-79.06111111,35.89166667,Esox americanus,1
finsync_usgs-0209750881,2003,6/18/2003,-79.06111111,35.89166667,Etheostoma olmstedi,1
finsync_usgs-0209750881,2003,6/18/2003,-79.06111111,35.89166667,Fundulus rathbuni,1
finsync_usgs-0209750881,2003,6/18/2003,-79.06111111,35.89166667,Lepomis auritus,1
finsync_usgs-0209750881,2003,6/18/2003,-79.06111111,35.89166667,Lepomis cyanellus,1
finsync_usgs-0209750881,2003,6/18/2003,-79.06111111,35.89166667,Luxilus albeolus,1
finsync_usgs-0209750881,2003,6/18/2003,-79.06111111,35.89166667,Micropterus salmoides,1
finsync_usgs-0209750881,2003,6/18/2003,-79.06111111,35.89166667,Moxostoma anisurum,1
finsync_usgs-0209750881,2003,6/18/2003,-79.06111111,35.89166667,Nocomis leptocephalus,1
finsync_usgs-0209750881,2003,6/18/2003,-79.06111111,35.89166667,Notropis procne,1
finsync_usgs-0209750881,2003,6/18/2003,-79.06111111,35.89166667,Semotilus atromaculatus,1
finsync_usgs-02097517,2014,6/6/2014,-79.01972222,35.89333333,Ameiurus brunneus,1
finsync_usgs-02097517,2014,6/6/2014,-79.01972222,35.89333333,Ameiurus platycephalus,1
finsync_usgs-02097517,2014,6/6/2014,-79.01972222,35.89333333,Aphredoderus sayanus,1
finsync_usgs-02097517,2014,6/6/2014,-79.01972222,35.89333333,Centrarchus macropterus,1
finsync_usgs-02097517,2014,6/6/2014,-79.01972222,35.89333333,Cyprinella analostana,1
finsync_usgs-02097517,2014,6/6/2014,-79.01972222,35.89333333,Cyprinella nivea,1
finsync_usgs-02097517,2014,6/6/2014,-79.01972222,35.89333333,Cyprinus carpio,1
finsync_usgs-02097517,2014,6/6/2014,-79.01972222,35.89333333,Esox americanus,1
finsync_usgs-02097517,2014,6/6/2014,-79.01972222,35.89333333,Etheostoma olmstedi,1
finsync_usgs-02097517,2014,6/6/2014,-79.01972222,35.89333333,Fundulus rathbuni,1
finsync_usgs-02097517,2014,6/6/2014,-79.01972222,35.89333333,Lepomis auritus,1
finsync_usgs-02097517,2014,6/6/2014,-79.01972222,35.89333333,Lepomis cyanellus,1
finsync_usgs-02097517,2014,6/6/2014,-79.01972222,35.89333333,Lepomis gibbosus,1
finsync_usgs-02097517,2014,6/6/2014,-79.01972222,35.89333333,Lepomis macrochirus,1
finsync_usgs-02097517,2014,6/6/2014,-79.01972222,35.89333333,Luxilus albeolus,1
finsync_usgs-02097517,2014,6/6/2014,-79.01972222,35.89333333,Notropis procne,1
finsync_usgs-02097517,2014,6/6/2014,-79.01972222,35.89333333,Noturus insignis,1
finsync_usgs-02097517,2014,6/6/2014,-79.01972222,35.89333333,Semotilus atromaculatus,1
finsync_usgs-02099238,2003,6/10/2003,-79.92666667,35.99805556,Erimyzon oblongus,1
finsync_usgs-02099238,2003,6/10/2003,-79.92666667,35.99805556,Etheostoma olmstedi,1
finsync_usgs-02099238,2003,6/10/2003,-79.92666667,35.99805556,Lepomis auritus,1
finsync_usgs-02099238,2003,6/10/2003,-79.92666667,35.99805556,Lepomis cyanellus,1
finsync_usgs-02099238,2003,6/10/2003,-79.92666667,35.99805556,Lepomis gibbosus,1
finsync_usgs-02099238,2003,6/10/2003,-79.92666667,35.99805556,Lepomis gulosus,1
finsync_usgs-02099238,2003,6/10/2003,-79.92666667,35.99805556,Lepomis macrochirus,1
finsync_usgs-02099238,2003,6/10/2003,-79.92666667,35.99805556,Micropterus salmoides,1
finsync_usgs-02099238,2003,6/10/2003,-79.92666667,35.99805556,Nocomis leptocephalus,1
finsync_usgs-02099238,2003,6/10/2003,-79.92666667,35.99805556,Notemigonus crysoleucas,1
finsync_usgs-02099238,2003,6/10/2003,-79.92666667,35.99805556,Semotilus atromaculatus,1
finsync_usgs-02099480,2003,6/11/2003,-79.93222222,35.94111111,Ameiurus platycephalus,1
finsync_usgs-02099480,2003,6/11/2003,-79.93222222,35.94111111,Clinostomus funduloides,1
finsync_usgs-02099480,2003,6/11/2003,-79.93222222,35.94111111,Erimyzon oblongus,1
finsync_usgs-02099480,2003,6/11/2003,-79.93222222,35.94111111,Fundulus rathbuni,1
finsync_usgs-02099480,2003,6/11/2003,-79.93222222,35.94111111,Lepomis auritus,1
finsync_usgs-02099480,2003,6/11/2003,-79.93222222,35.94111111,Lepomis cyanellus,1
finsync_usgs-02099480,2003,6/11/2003,-79.93222222,35.94111111,Lepomis gibbosus,1
finsync_usgs-02099480,2003,6/11/2003,-79.93222222,35.94111111,Lepomis gulosus,1
finsync_usgs-02099480,2003,6/11/2003,-79.93222222,35.94111111,Lepomis macrochirus,1
finsync_usgs-02099480,2003,6/11/2003,-79.93222222,35.94111111,Semotilus atromaculatus,1
finsync_usgs-02100295,2003,6/11/2003,-79.78833333,35.76305556,Clinostomus funduloides,1
finsync_usgs-02100295,2003,6/11/2003,-79.78833333,35.76305556,Erimyzon oblongus,1
finsync_usgs-02100295,2003,6/11/2003,-79.78833333,35.76305556,Lepomis auritus,1
finsync_usgs-02100295,2003,6/11/2003,-79.78833333,35.76305556,Lepomis cyanellus,1
finsync_usgs-02100295,2003,6/11/2003,-79.78833333,35.76305556,Lepomis gibbosus,1
finsync_usgs-02100295,2003,6/11/2003,-79.78833333,35.76305556,Lepomis macrochirus,1
finsync_usgs-02100295,2003,6/11/2003,-79.78833333,35.76305556,Nocomis leptocephalus,1
finsync_usgs-02100295,2003,6/11/2003,-79.78833333,35.76305556,Semotilus atromaculatus,1
finsync_usgs-02100634,2003,6/11/2003,-79.77694444,35.65916667,Ameiurus platycephalus,1
finsync_usgs-02100634,2003,6/11/2003,-79.77694444,35.65916667,Clinostomus funduloides,1
finsync_usgs-02100634,2003,6/11/2003,-79.77694444,35.65916667,Erimyzon oblongus,1
finsync_usgs-02100634,2003,6/11/2003,-79.77694444,35.65916667,Etheostoma olmstedi,1
finsync_usgs-02100634,2003,6/11/2003,-79.77694444,35.65916667,Lepomis auritus,1
finsync_usgs-02100634,2003,6/11/2003,-79.77694444,35.65916667,Lepomis gulosus,1
finsync_usgs-02100634,2003,6/11/2003,-79.77694444,35.65916667,Lepomis macrochirus,1
finsync_usgs-02100634,2003,6/11/2003,-79.77694444,35.65916667,Lepomis microlophus,1
finsync_usgs-02100634,2003,6/11/2003,-79.77694444,35.65916667,Nocomis leptocephalus,1
finsync_usgs-02100634,2003,6/11/2003,-79.77694444,35.65916667,Notropis alborus,1
finsync_usgs-02100634,2003,6/11/2003,-79.77694444,35.65916667,Notropis altipinnis,1
finsync_usgs-02100634,2003,6/11/2003,-79.77694444,35.65916667,Noturus insignis,1
finsync_usgs-02100634,2003,6/11/2003,-79.77694444,35.65916667,Semotilus atromaculatus,1
finsync_usgs-02102192,2014,6/3/2014,-78.97361111,35.55972222,Ameiurus brunneus,1
finsync_usgs-02102192,2014,6/3/2014,-78.97361111,35.55972222,Ameiurus catus,1
finsync_usgs-02102192,2014,6/3/2014,-78.97361111,35.55972222,Ameiurus natalis,1
finsync_usgs-02102192,2014,6/3/2014,-78.97361111,35.55972222,Anguilla rostrata,1
finsync_usgs-02102192,2014,6/3/2014,-78.97361111,35.55972222,Aphredoderus sayanus,1
finsync_usgs-02102192,2014,6/3/2014,-78.97361111,35.55972222,Etheostoma olmstedi,1
finsync_usgs-02102192,2014,6/3/2014,-78.97361111,35.55972222,Lepomis auritus,1
finsync_usgs-02102192,2014,6/3/2014,-78.97361111,35.55972222,Lepomis cyanellus,1
finsync_usgs-02102192,2014,6/3/2014,-78.97361111,35.55972222,Lepomis gibbosus,1
finsync_usgs-02102192,2014,6/3/2014,-78.97361111,35.55972222,Lepomis gulosus,1
finsync_usgs-02102192,2014,6/3/2014,-78.97361111,35.55972222,Lepomis macrochirus,1
finsync_usgs-02102192,2014,6/3/2014,-78.97361111,35.55972222,Micropterus salmoides,1
finsync_usgs-02102192,2014,6/3/2014,-78.97361111,35.55972222,Minytrema melanops,1
finsync_usgs-02102192,2014,6/3/2014,-78.97361111,35.55972222,Notemigonus crysoleucas,1
finsync_usgs-02102192,2014,6/3/2014,-78.97361111,35.55972222,Noturus gyrinus,1
finsync_usgs-0211583580,2003,6/23/2003,-80.21277778,36.11805556,Lepomis auritus,1
finsync_usgs-0211583580,2003,6/23/2003,-80.21277778,36.11805556,Nocomis leptocephalus,1
finsync_usgs-0211583580,2003,6/23/2003,-80.21277778,36.11805556,Semotilus atromaculatus,1
finsync_usgs-0212393300,2014,6/4/2014,-80.79027778,35.46777778,Ameiurus brunneus,1
finsync_usgs-0212393300,2014,6/4/2014,-80.79027778,35.46777778,Etheostoma olmstedi,1
finsync_usgs-0212393300,2014,6/4/2014,-80.79027778,35.46777778,Fundulus rathbuni,1
finsync_usgs-0212393300,2014,6/4/2014,-80.79027778,35.46777778,Lepomis auritus,1
finsync_usgs-0212393300,2014,6/4/2014,-80.79027778,35.46777778,Lepomis cyanellus,1
finsync_usgs-0212393300,2014,6/4/2014,-80.79027778,35.46777778,Lepomis macrochirus,1
finsync_usgs-0212393300,2014,6/4/2014,-80.79027778,35.46777778,Micropterus salmoides,1
finsync_usgs-0212393300,2014,6/4/2014,-80.79027778,35.46777778,Notropis chiliticus,1
finsync_usgs-0212393300,2014,6/4/2014,-80.79027778,35.46777778,Semotilus atromaculatus,1
finsync_usgs-0212430653,2014,6/5/2014,-80.64805556,35.25388889,Aphredoderus sayanus,1
finsync_usgs-0212430653,2014,6/5/2014,-80.64805556,35.25388889,Catostomus commersonii,1
finsync_usgs-0212430653,2014,6/5/2014,-80.64805556,35.25388889,Clinostomus funduloides,1
finsync_usgs-0212430653,2014,6/5/2014,-80.64805556,35.25388889,Erimyzon oblongus,1
finsync_usgs-0212430653,2014,6/5/2014,-80.64805556,35.25388889,Etheostoma olmstedi,1
finsync_usgs-0212430653,2014,6/5/2014,-80.64805556,35.25388889,Hybopsis hypsinotus,1
finsync_usgs-0212430653,2014,6/5/2014,-80.64805556,35.25388889,Lepomis auritus,1
finsync_usgs-0212430653,2014,6/5/2014,-80.64805556,35.25388889,Lepomis macrochirus,1
finsync_usgs-0212430653,2014,6/5/2014,-80.64805556,35.25388889,Nocomis leptocephalus,1
finsync_usgs-0212430653,2014,6/5/2014,-80.64805556,35.25388889,Notropis alborus,1
finsync_usgs-0212430653,2014,6/5/2014,-80.64805556,35.25388889,Notropis chiliticus,1
finsync_usgs-0212430653,2014,6/5/2014,-80.64805556,35.25388889,Semotilus atromaculatus,1
finsync_usgs-0212466000,2014,6/6/2014,-80.58,35.20833333,Catostomus commersonii,1
finsync_usgs-0212466000,2014,6/6/2014,-80.58,35.20833333,Clinostomus funduloides,1
finsync_usgs-0212466000,2014,6/6/2014,-80.58,35.20833333,Cyprinella analostana,1
finsync_usgs-0212466000,2014,6/6/2014,-80.58,35.20833333,Erimyzon oblongus,1
finsync_usgs-0212466000,2014,6/6/2014,-80.58,35.20833333,Etheostoma flabellare,1
finsync_usgs-0212466000,2014,6/6/2014,-80.58,35.20833333,Etheostoma olmstedi,1
finsync_usgs-0212466000,2014,6/6/2014,-80.58,35.20833333,Fundulus rathbuni,1
finsync_usgs-0212466000,2014,6/6/2014,-80.58,35.20833333,Hybopsis hypsinotus,1
finsync_usgs-0212466000,2014,6/6/2014,-80.58,35.20833333,Lepomis auritus,1
finsync_usgs-0212466000,2014,6/6/2014,-80.58,35.20833333,Lepomis cyanellus,1
finsync_usgs-0212466000,2014,6/6/2014,-80.58,35.20833333,Lepomis macrochirus,1
finsync_usgs-0212466000,2014,6/6/2014,-80.58,35.20833333,Micropterus salmoides,1
finsync_usgs-0212466000,2014,6/6/2014,-80.58,35.20833333,Nocomis leptocephalus,1
finsync_usgs-0212466000,2014,6/6/2014,-80.58,35.20833333,Notropis alborus,1
finsync_usgs-0212466000,2014,6/6/2014,-80.58,35.20833333,Notropis chiliticus,1
finsync_usgs-0212466000,2014,6/6/2014,-80.58,35.20833333,Notropis cummingsae,1
finsync_usgs-0212466000,2014,6/6/2014,-80.58,35.20833333,Noturus insignis,1
finsync_usgs-0212466000,2014,6/6/2014,-80.58,35.20833333,Semotilus atromaculatus,1
finsync_usgs-0212467595,2014,6/5/2014,-80.60277778,35.125,Ameiurus brunneus,1
finsync_usgs-0212467595,2014,6/5/2014,-80.60277778,35.125,Ameiurus natalis,1
finsync_usgs-0212467595,2014,6/5/2014,-80.60277778,35.125,Aphredoderus sayanus,1
finsync_usgs-0212467595,2014,6/5/2014,-80.60277778,35.125,Campostoma anomalum,1
finsync_usgs-0212467595,2014,6/5/2014,-80.60277778,35.125,Catostomus commersonii,1
finsync_usgs-0212467595,2014,6/5/2014,-80.60277778,35.125,Clinostomus funduloides,1
finsync_usgs-0212467595,2014,6/5/2014,-80.60277778,35.125,Etheostoma collis,1
finsync_usgs-0212467595,2014,6/5/2014,-80.60277778,35.125,Etheostoma flabellare,1
finsync_usgs-0212467595,2014,6/5/2014,-80.60277778,35.125,Etheostoma olmstedi,1
finsync_usgs-0212467595,2014,6/5/2014,-80.60277778,35.125,Hybopsis hypsinotus,1
finsync_usgs-0212467595,2014,6/5/2014,-80.60277778,35.125,Lepomis auritus,1
finsync_usgs-0212467595,2014,6/5/2014,-80.60277778,35.125,Lepomis cyanellus,1
finsync_usgs-0212467595,2014,6/5/2014,-80.60277778,35.125,Lepomis gibbosus,1
finsync_usgs-0212467595,2014,6/5/2014,-80.60277778,35.125,Lepomis gulosus,1
finsync_usgs-0212467595,2014,6/5/2014,-80.60277778,35.125,Lepomis macrochirus,1
finsync_usgs-0212467595,2014,6/5/2014,-80.60277778,35.125,Micropterus salmoides,1
finsync_usgs-0212467595,2014,6/5/2014,-80.60277778,35.125,Nocomis leptocephalus,1
finsync_usgs-0212467595,2014,6/5/2014,-80.60277778,35.125,Notemigonus crysoleucas,1
finsync_usgs-0212467595,2014,6/5/2014,-80.60277778,35.125,Notropis alborus,1
finsync_usgs-0212467595,2014,6/5/2014,-80.60277778,35.125,Notropis chiliticus,1
finsync_usgs-0212467595,2014,6/5/2014,-80.60277778,35.125,Notropis cummingsae,1
finsync_usgs-0212467595,2014,6/5/2014,-80.60277778,35.125,Notropis hudsonius,1
finsync_usgs-0212467595,2014,6/5/2014,-80.60277778,35.125,Notropis procne,1
finsync_usgs-0212467595,2014,6/5/2014,-80.60277778,35.125,Noturus insignis,1
finsync_usgs-0212467595,2014,6/5/2014,-80.60277778,35.125,Semotilus atromaculatus,1
finsync_usgs-0212467595,2014,6/5/2014,-80.60277778,35.125,Semotilus lumbee,1
finsync_usgs-02137727,2014,8/14/2014,-82.06027778,35.68583333,Ameiurus brunneus,1
finsync_usgs-02137727,2014,8/14/2014,-82.06027778,35.68583333,Ameiurus melas,1
finsync_usgs-02137727,2014,8/14/2014,-82.06027778,35.68583333,Campostoma anomalum,1
finsync_usgs-02137727,2014,8/14/2014,-82.06027778,35.68583333,Catostomus commersonii,1
finsync_usgs-02137727,2014,8/14/2014,-82.06027778,35.68583333,Clinostomus funduloides,1
finsync_usgs-02137727,2014,8/14/2014,-82.06027778,35.68583333,Cyprinella chloristia,1
finsync_usgs-02137727,2014,8/14/2014,-82.06027778,35.68583333,Etheostoma flabellare,1
finsync_usgs-02137727,2014,8/14/2014,-82.06027778,35.68583333,Etheostoma olmstedi,1
finsync_usgs-02137727,2014,8/14/2014,-82.06027778,35.68583333,Etheostoma thalassinum,1
finsync_usgs-02137727,2014,8/14/2014,-82.06027778,35.68583333,Hybopsis rubrifrons,1
finsync_usgs-02137727,2014,8/14/2014,-82.06027778,35.68583333,Hypentelium nigricans,1
finsync_usgs-02137727,2014,8/14/2014,-82.06027778,35.68583333,Lepomis auritus,1
finsync_usgs-02137727,2014,8/14/2014,-82.06027778,35.68583333,Lepomis cyanellus,1
finsync_usgs-02137727,2014,8/14/2014,-82.06027778,35.68583333,Lepomis microlophus,1
finsync_usgs-02137727,2014,8/14/2014,-82.06027778,35.68583333,Luxilus coccogenis,1
finsync_usgs-02137727,2014,8/14/2014,-82.06027778,35.68583333,Micropterus dolomieu,1
finsync_usgs-02137727,2014,8/14/2014,-82.06027778,35.68583333,Micropterus salmoides,1
finsync_usgs-02137727,2014,8/14/2014,-82.06027778,35.68583333,Moxostoma anisurum,1
finsync_usgs-02137727,2014,8/14/2014,-82.06027778,35.68583333,Moxostoma rupiscartes,1
finsync_usgs-02137727,2014,8/14/2014,-82.06027778,35.68583333,Nocomis leptocephalus,1
finsync_usgs-02137727,2014,8/14/2014,-82.06027778,35.68583333,Notropis hudsonius,1
finsync_usgs-02137727,2014,8/14/2014,-82.06027778,35.68583333,Notropis procne,1
finsync_usgs-02137727,2014,8/14/2014,-82.06027778,35.68583333,Noturus insignis,1
finsync_usgs-02137727,2014,8/14/2014,-82.06027778,35.68583333,Percina crassa,1
finsync_usgs-02137727,2014,8/14/2014,-82.06027778,35.68583333,Semotilus atromaculatus,1
finsync_usgs-0214265808,2014,6/4/2014,-80.88277778,35.40361111,Ameiurus brunneus,1
finsync_usgs-0214265808,2014,6/4/2014,-80.88277778,35.40361111,Ameiurus melas,1
finsync_usgs-0214265808,2014,6/4/2014,-80.88277778,35.40361111,Ameiurus natalis,1
finsync_usgs-0214265808,2014,6/4/2014,-80.88277778,35.40361111,Etheostoma olmstedi,1
finsync_usgs-0214265808,2014,6/4/2014,-80.88277778,35.40361111,Fundulus rathbuni,1
finsync_usgs-0214265808,2014,6/4/2014,-80.88277778,35.40361111,Lepomis auritus,1
finsync_usgs-0214265808,2014,6/4/2014,-80.88277778,35.40361111,Lepomis cyanellus,1
finsync_usgs-0214265808,2014,6/4/2014,-80.88277778,35.40361111,Lepomis gibbosus,1
finsync_usgs-0214265808,2014,6/4/2014,-80.88277778,35.40361111,Lepomis gulosus,1
finsync_usgs-0214265808,2014,6/4/2014,-80.88277778,35.40361111,Lepomis macrochirus,1
finsync_usgs-0214265808,2014,6/4/2014,-80.88277778,35.40361111,Micropterus salmoides,1
finsync_usgs-0214265808,2014,6/4/2014,-80.88277778,35.40361111,Notemigonus crysoleucas,1
finsync_usgs-0214265808,2014,6/4/2014,-80.88277778,35.40361111,Notropis hudsonius,1
finsync_usgs-0214265808,2014,6/4/2014,-80.88277778,35.40361111,Notropis procne,1
finsync_usgs-02143040,1996,8/7/1996,-81.56686546,35.59078514,Cyprinella pyrrhomelas,1
finsync_usgs-02143040,1996,8/7/1996,-81.56686546,35.59078514,Etheostoma olmstedi,1
finsync_usgs-02143040,1996,8/7/1996,-81.56686546,35.59078514,Etheostoma thalassinum,1
finsync_usgs-02143040,1996,8/7/1996,-81.56686546,35.59078514,Lepomis auritus,1
finsync_usgs-02143040,1996,8/7/1996,-81.56686546,35.59078514,Lepomis cyanellus,1
finsync_usgs-02143040,1996,8/7/1996,-81.56686546,35.59078514,Lepomis macrochirus,1
finsync_usgs-02143040,1996,8/7/1996,-81.56686546,35.59078514,Luxilus coccogenis,1
finsync_usgs-02143040,1996,8/7/1996,-81.56686546,35.59078514,Moxostoma anisurum,1
finsync_usgs-02143040,1996,8/7/1996,-81.56686546,35.59078514,Moxostoma rupiscartes,1
finsync_usgs-02143040,1996,8/7/1996,-81.56686546,35.59078514,Nocomis leptocephalus,1
finsync_usgs-02143040,1996,8/7/1996,-81.56686546,35.59078514,Notemigonus crysoleucas,1
finsync_usgs-02143040,1996,8/7/1996,-81.56686546,35.59078514,Noturus insignis,1
finsync_usgs-02143500,1996,8/6/1996,-81.26527778,35.42055556,Ameiurus natalis,1
finsync_usgs-02143500,1996,8/6/1996,-81.26527778,35.42055556,Ameiurus nebulosus,1
finsync_usgs-02143500,1996,8/6/1996,-81.26527778,35.42055556,Cyprinella nivea,1
finsync_usgs-02143500,1996,8/6/1996,-81.26527778,35.42055556,Cyprinella pyrrhomelas,1
finsync_usgs-02143500,1996,8/6/1996,-81.26527778,35.42055556,Lepomis auritus,1
finsync_usgs-02143500,1996,8/6/1996,-81.26527778,35.42055556,Lepomis macrochirus,1
finsync_usgs-02143500,1996,8/6/1996,-81.26527778,35.42055556,Moxostoma rupiscartes,1
finsync_usgs-02143500,1996,8/6/1996,-81.26527778,35.42055556,Nocomis leptocephalus,1
finsync_usgs-02143500,1996,8/6/1996,-81.26527778,35.42055556,Notemigonus crysoleucas,1
finsync_usgs-02143500,1996,8/6/1996,-81.26527778,35.42055556,Notropis procne,1
finsync_usgs-0214627970,2014,6/7/2014,-80.86833333,35.24027778,Ameiurus brunneus,1
finsync_usgs-0214627970,2014,6/7/2014,-80.86833333,35.24027778,Catostomus commersonii,1
finsync_usgs-0214627970,2014,6/7/2014,-80.86833333,35.24027778,Cyprinella chloristia,1
finsync_usgs-0214627970,2014,6/7/2014,-80.86833333,35.24027778,Lepomis auritus,1
finsync_usgs-0214627970,2014,6/7/2014,-80.86833333,35.24027778,Lepomis macrochirus,1
finsync_usgs-0214627970,2014,6/7/2014,-80.86833333,35.24027778,Nocomis leptocephalus,1
finsync_usgs-0214627970,2014,6/7/2014,-80.86833333,35.24027778,Notropis procne,1
finsync_usgs-0214627970,2014,6/7/2014,-80.86833333,35.24027778,Semotilus atromaculatus,1
finsync_usgs-02146409,2014,6/7/2014,-80.83694444,35.20361111,Ameiurus brunneus,1
finsync_usgs-02146409,2014,6/7/2014,-80.83694444,35.20361111,Catostomus commersonii,1
finsync_usgs-02146409,2014,6/7/2014,-80.83694444,35.20361111,Cyprinella analostana,1
finsync_usgs-02146409,2014,6/7/2014,-80.83694444,35.20361111,Cyprinella chloristia,1
finsync_usgs-02146409,2014,6/7/2014,-80.83694444,35.20361111,Lepomis auritus,1
finsync_usgs-02146409,2014,6/7/2014,-80.83694444,35.20361111,Lepomis macrochirus,1
finsync_usgs-02146409,2014,6/7/2014,-80.83694444,35.20361111,Notropis hudsonius,1
finsync_usgs-0214642825,2014,6/7/2014,-80.77111111,35.23611111,Ameiurus brunneus,1
finsync_usgs-0214642825,2014,6/7/2014,-80.77111111,35.23611111,Ameiurus natalis,1
finsync_usgs-0214642825,2014,6/7/2014,-80.77111111,35.23611111,Erimyzon oblongus,1
finsync_usgs-0214642825,2014,6/7/2014,-80.77111111,35.23611111,Etheostoma olmstedi,1
finsync_usgs-0214642825,2014,6/7/2014,-80.77111111,35.23611111,Hybopsis hypsinotus,1
finsync_usgs-0214642825,2014,6/7/2014,-80.77111111,35.23611111,Lepomis auritus,1
finsync_usgs-0214642825,2014,6/7/2014,-80.77111111,35.23611111,Lepomis gibbosus,1
finsync_usgs-0214642825,2014,6/7/2014,-80.77111111,35.23611111,Lepomis macrochirus,1
finsync_usgs-0214642825,2014,6/7/2014,-80.77111111,35.23611111,Micropterus salmoides,1
finsync_usgs-0214642825,2014,6/7/2014,-80.77111111,35.23611111,Notropis procne,1
finsync_usgs-02146470,2014,6/10/2014,-80.85305556,35.16444444,Catostomus commersonii,1
finsync_usgs-02146470,2014,6/10/2014,-80.85305556,35.16444444,Lepomis auritus,1
finsync_usgs-02146470,2014,6/10/2014,-80.85305556,35.16444444,Lepomis macrochirus,1
finsync_usgs-02146470,2014,6/10/2014,-80.85305556,35.16444444,Notropis procne,1
finsync_usgs-02146470,2014,6/10/2014,-80.85305556,35.16444444,Semotilus atromaculatus,1
finsync_usgs-0214655255,2014,6/6/2014,-80.71916667,35.17583333,Ameiurus brunneus,1
finsync_usgs-0214655255,2014,6/6/2014,-80.71916667,35.17583333,Ameiurus natalis,1
finsync_usgs-0214655255,2014,6/6/2014,-80.71916667,35.17583333,Catostomus commersonii,1
finsync_usgs-0214655255,2014,6/6/2014,-80.71916667,35.17583333,Cyprinella analostana,1
finsync_usgs-0214655255,2014,6/6/2014,-80.71916667,35.17583333,Cyprinella chloristia,1
finsync_usgs-0214655255,2014,6/6/2014,-80.71916667,35.17583333,Etheostoma olmstedi,1
finsync_usgs-0214655255,2014,6/6/2014,-80.71916667,35.17583333,Lepomis auritus,1
finsync_usgs-0214655255,2014,6/6/2014,-80.71916667,35.17583333,Lepomis cyanellus,1
finsync_usgs-0214655255,2014,6/6/2014,-80.71916667,35.17583333,Nocomis leptocephalus,1
finsync_usgs-0214655255,2014,6/6/2014,-80.71916667,35.17583333,Notropis hudsonius,1
finsync_usgs-0214655255,2014,6/6/2014,-80.71916667,35.17583333,Notropis procne,1
finsync_usgs-0214655255,2014,6/6/2014,-80.71916667,35.17583333,Noturus insignis,1
finsync_usgs-02146562,2014,6/8/2014,-80.73666667,35.18666667,Ameiurus brunneus,1
finsync_usgs-02146562,2014,6/8/2014,-80.73666667,35.18666667,Cyprinella chloristia,1
finsync_usgs-02146562,2014,6/8/2014,-80.73666667,35.18666667,Etheostoma olmstedi,1
finsync_usgs-02146562,2014,6/8/2014,-80.73666667,35.18666667,Lepomis auritus,1
finsync_usgs-02146562,2014,6/8/2014,-80.73666667,35.18666667,Lepomis cyanellus,1
finsync_usgs-02146562,2014,6/8/2014,-80.73666667,35.18666667,Lepomis macrochirus,1
finsync_usgs-02146562,2014,6/8/2014,-80.73666667,35.18666667,Micropterus salmoides,1
finsync_usgs-02146562,2014,6/8/2014,-80.73666667,35.18666667,Nocomis leptocephalus,1
finsync_usgs-02146562,2014,6/8/2014,-80.73666667,35.18666667,Notropis procne,1
finsync_usgs-02146562,2014,6/8/2014,-80.73666667,35.18666667,Noturus insignis,1
finsync_usgs-0214657975,2014,6/8/2014,-80.71333333,35.15861111,Ameiurus brunneus,1
finsync_usgs-0214657975,2014,6/8/2014,-80.71333333,35.15861111,Catostomus commersonii,1
finsync_usgs-0214657975,2014,6/8/2014,-80.71333333,35.15861111,Clinostomus funduloides,1
finsync_usgs-0214657975,2014,6/8/2014,-80.71333333,35.15861111,Erimyzon oblongus,1
finsync_usgs-0214657975,2014,6/8/2014,-80.71333333,35.15861111,Etheostoma olmstedi,1
finsync_usgs-0214657975,2014,6/8/2014,-80.71333333,35.15861111,Lepomis auritus,1
finsync_usgs-0214657975,2014,6/8/2014,-80.71333333,35.15861111,Lepomis cyanellus,1
finsync_usgs-0214657975,2014,6/8/2014,-80.71333333,35.15861111,Lepomis gulosus,1
finsync_usgs-0214657975,2014,6/8/2014,-80.71333333,35.15861111,Lepomis macrochirus,1
finsync_usgs-0214657975,2014,6/8/2014,-80.71333333,35.15861111,Micropterus salmoides,1
finsync_usgs-0214657975,2014,6/8/2014,-80.71333333,35.15861111,Nocomis leptocephalus,1
finsync_usgs-0214657975,2014,6/8/2014,-80.71333333,35.15861111,Notropis procne,1
finsync_usgs-0214657975,2014,6/8/2014,-80.71333333,35.15861111,Noturus insignis,1
finsync_usgs-02146700,2014,6/10/2014,-80.82,35.14083333,Ameiurus brunneus,1
finsync_usgs-02146700,2014,6/10/2014,-80.82,35.14083333,Cyprinella chloristia,1
finsync_usgs-02146700,2014,6/10/2014,-80.82,35.14083333,Etheostoma olmstedi,1
finsync_usgs-02146700,2014,6/10/2014,-80.82,35.14083333,Lepomis auritus,1
finsync_usgs-02146700,2014,6/10/2014,-80.82,35.14083333,Lepomis cyanellus,1
finsync_usgs-02146700,2014,6/10/2014,-80.82,35.14083333,Lepomis macrochirus,1
finsync_usgs-02146700,2014,6/10/2014,-80.82,35.14083333,Nocomis leptocephalus,1
finsync_usgs-02146700,2014,6/10/2014,-80.82,35.14083333,Notropis hudsonius,1
finsync_usgs-02146700,2014,6/10/2014,-80.82,35.14083333,Notropis procne,1
finsync_usgs-03453000,2014,8/13/2014,-82.62083333,35.76972222,Campostoma anomalum,1
finsync_usgs-03453000,2014,8/13/2014,-82.62083333,35.76972222,Etheostoma blennioides,1
finsync_usgs-03453000,2014,8/13/2014,-82.62083333,35.76972222,Etheostoma chlorobranchium,1
finsync_usgs-03453000,2014,8/13/2014,-82.62083333,35.76972222,Etheostoma flabellare,1
finsync_usgs-03453000,2014,8/13/2014,-82.62083333,35.76972222,Etheostoma swannanoa,1
finsync_usgs-03453000,2014,8/13/2014,-82.62083333,35.76972222,Hypentelium nigricans,1
finsync_usgs-03453000,2014,8/13/2014,-82.62083333,35.76972222,Lepomis auritus,1
finsync_usgs-03453000,2014,8/13/2014,-82.62083333,35.76972222,Lepomis macrochirus,1
finsync_usgs-03453000,2014,8/13/2014,-82.62083333,35.76972222,Luxilus coccogenis,1
finsync_usgs-03453000,2014,8/13/2014,-82.62083333,35.76972222,Micropterus dolomieu,1
finsync_usgs-03453000,2014,8/13/2014,-82.62083333,35.76972222,Moxostoma carinatum,1
finsync_usgs-03453000,2014,8/13/2014,-82.62083333,35.76972222,Moxostoma duquesnei,1
finsync_usgs-03453000,2014,8/13/2014,-82.62083333,35.76972222,Nocomis micropogon,1
finsync_usgs-03453000,2014,8/13/2014,-82.62083333,35.76972222,Notropis leuciodus,1
finsync_usgs-03453000,2014,8/13/2014,-82.62083333,35.76972222,Notropis telescopus,1
finsync_usgs-03453000,2014,8/13/2014,-82.62083333,35.76972222,Percina evides,1
finsync_usgs-03453000,2014,8/13/2014,-82.62083333,35.76972222,Phenacobius crassilabrum,1
finsync_usgs-03453000,2014,8/13/2014,-82.62083333,35.76972222,Pylodictis olivaris,1
finsync_usgs-03455500,2014,8/12/2014,-82.9375,35.39611111,Campostoma anomalum,1
finsync_usgs-03455500,2014,8/12/2014,-82.9375,35.39611111,Etheostoma chlorobranchium,1
finsync_usgs-03455500,2014,8/12/2014,-82.9375,35.39611111,Etheostoma swannanoa,1
finsync_usgs-03455500,2014,8/12/2014,-82.9375,35.39611111,Hypentelium nigricans,1
finsync_usgs-03455500,2014,8/12/2014,-82.9375,35.39611111,Oncorhynchus mykiss,1
finsync_usgs-03455500,2014,8/12/2014,-82.9375,35.39611111,Rhinichthys cataractae,1
finsync_usgs-03455500,2014,8/12/2014,-82.9375,35.39611111,Salmo trutta,1
finsync_usgs-0345577330,2014,8/13/2014,-82.91972222,35.42666667,Ambloplites rupestris,1
finsync_usgs-0345577330,2014,8/13/2014,-82.91972222,35.42666667,Campostoma anomalum,1
finsync_usgs-0345577330,2014,8/13/2014,-82.91972222,35.42666667,Cottus bairdii,1
finsync_usgs-0345577330,2014,8/13/2014,-82.91972222,35.42666667,Etheostoma blennioides,1
finsync_usgs-0345577330,2014,8/13/2014,-82.91972222,35.42666667,Etheostoma chlorobranchium,1
finsync_usgs-0345577330,2014,8/13/2014,-82.91972222,35.42666667,Etheostoma swannanoa,1
finsync_usgs-0345577330,2014,8/13/2014,-82.91972222,35.42666667,Hypentelium nigricans,1
finsync_usgs-0345577330,2014,8/13/2014,-82.91972222,35.42666667,Luxilus coccogenis,1
finsync_usgs-0345577330,2014,8/13/2014,-82.91972222,35.42666667,Micropterus dolomieu,1
finsync_usgs-0345577330,2014,8/13/2014,-82.91972222,35.42666667,Micropterus salmoides,1
finsync_usgs-0345577330,2014,8/13/2014,-82.91972222,35.42666667,Nocomis micropogon,1
finsync_usgs-0345577330,2014,8/13/2014,-82.91972222,35.42666667,Rhinichthys cataractae,1
finsync_usgs-03460000,2011,9/15/2011,-83.07277778,35.66722222,Campostoma anomalum,1
finsync_usgs-03460000,2011,9/15/2011,-83.07277778,35.66722222,Hypentelium nigricans,1
finsync_usgs-03460000,2011,9/15/2011,-83.07277778,35.66722222,Oncorhynchus mykiss,1
finsync_usgs-03460000,2011,9/15/2011,-83.07277778,35.66722222,Rhinichthys cataractae,1
finsync_usgs-03460000,2011,9/15/2011,-83.07277778,35.66722222,Salmo trutta,1
finsync_usgs-03460000,2011,9/15/2011,-83.07277778,35.66722222,Salvelinus fontinalis,1
finsync_usgs-03463300,2014,8/14/2014,-82.18416667,35.83138889,Ambloplites rupestris,1
finsync_usgs-03463300,2014,8/14/2014,-82.18416667,35.83138889,Campostoma anomalum,1
finsync_usgs-03463300,2014,8/14/2014,-82.18416667,35.83138889,Cottus bairdii,1
finsync_usgs-03463300,2014,8/14/2014,-82.18416667,35.83138889,Cyprinella galactura,1
finsync_usgs-03463300,2014,8/14/2014,-82.18416667,35.83138889,Etheostoma blennioides,1
finsync_usgs-03463300,2014,8/14/2014,-82.18416667,35.83138889,Etheostoma chlorobranchium,1
finsync_usgs-03463300,2014,8/14/2014,-82.18416667,35.83138889,Etheostoma swannanoa,1
finsync_usgs-03463300,2014,8/14/2014,-82.18416667,35.83138889,Hypentelium nigricans,1
finsync_usgs-03463300,2014,8/14/2014,-82.18416667,35.83138889,Ichthyomyzon greeleyi,1
finsync_usgs-03463300,2014,8/14/2014,-82.18416667,35.83138889,Lepomis auritus,1
finsync_usgs-03463300,2014,8/14/2014,-82.18416667,35.83138889,Luxilus coccogenis,1
finsync_usgs-03463300,2014,8/14/2014,-82.18416667,35.83138889,Micropterus dolomieu,1
finsync_usgs-03463300,2014,8/14/2014,-82.18416667,35.83138889,Nocomis micropogon,1
finsync_usgs-03463300,2014,8/14/2014,-82.18416667,35.83138889,Notropis leuciodus,1
finsync_usgs-03463300,2014,8/14/2014,-82.18416667,35.83138889,Notropis rubricroceus,1
finsync_usgs-03463300,2014,8/14/2014,-82.18416667,35.83138889,Notropis spectrunculus,1
finsync_usgs-03463300,2014,8/14/2014,-82.18416667,35.83138889,Notropis telescopus,1
finsync_usgs-03463300,2014,8/14/2014,-82.18416667,35.83138889,Oncorhynchus mykiss,1
finsync_usgs-03463300,2014,8/14/2014,-82.18416667,35.83138889,Percina evides,1
finsync_usgs-03463300,2014,8/14/2014,-82.18416667,35.83138889,Salmo trutta,1
finsync_usgs-03504000,2014,6/5/2014,-83.61861111,35.1275,Campostoma anomalum,1
finsync_usgs-03504000,2014,6/5/2014,-83.61861111,35.1275,Cottus bairdii,1
finsync_usgs-03504000,2014,6/5/2014,-83.61861111,35.1275,Oncorhynchus mykiss,1
finsync_usgs-03505550,2014,6/5/2014,-83.65222222,35.305,Campostoma anomalum,1
finsync_usgs-03505550,2014,6/5/2014,-83.65222222,35.305,Cottus bairdii,1
finsync_usgs-03505550,2014,6/5/2014,-83.65222222,35.305,Notropis spectrunculus,1
finsync_usgs-03505550,2014,6/5/2014,-83.65222222,35.305,Oncorhynchus mykiss,1
finsync_usgs-03505550,2014,6/5/2014,-83.65222222,35.305,Rhinichthys atratulus,1
finsync_usgs-03505550,2014,6/5/2014,-83.65222222,35.305,Semotilus atromaculatus,1
finsync_usgs-03508050,2014,8/12/2014,-83.14388889,35.28777778,Ambloplites rupestris,1
finsync_usgs-03508050,2014,8/12/2014,-83.14388889,35.28777778,Campostoma anomalum,1
finsync_usgs-03508050,2014,8/12/2014,-83.14388889,35.28777778,Catostomus commersonii,1
finsync_usgs-03508050,2014,8/12/2014,-83.14388889,35.28777778,Clinostomus funduloides,1
finsync_usgs-03508050,2014,8/12/2014,-83.14388889,35.28777778,Cottus bairdii,1
finsync_usgs-03508050,2014,8/12/2014,-83.14388889,35.28777778,Etheostoma chlorobranchium,1
finsync_usgs-03508050,2014,8/12/2014,-83.14388889,35.28777778,Etheostoma gutselli,1
finsync_usgs-03508050,2014,8/12/2014,-83.14388889,35.28777778,Hypentelium nigricans,1
finsync_usgs-03508050,2014,8/12/2014,-83.14388889,35.28777778,Ichthyomyzon greeleyi,1
finsync_usgs-03508050,2014,8/12/2014,-83.14388889,35.28777778,Lepomis auritus,1
finsync_usgs-03508050,2014,8/12/2014,-83.14388889,35.28777778,Lepomis macrochirus,1
finsync_usgs-03508050,2014,8/12/2014,-83.14388889,35.28777778,Luxilus coccogenis,1
finsync_usgs-03508050,2014,8/12/2014,-83.14388889,35.28777778,Nocomis micropogon,1
finsync_usgs-03508050,2014,8/12/2014,-83.14388889,35.28777778,Notropis spectrunculus,1
finsync_usgs-03508050,2014,8/12/2014,-83.14388889,35.28777778,Percina evides,1
finsync_usgs-03508050,2014,8/12/2014,-83.14388889,35.28777778,Salmo trutta,1
finsync_usgs-03508050,2014,8/12/2014,-83.14388889,35.28777778,Salvelinus fontinalis,1
finsync_usgs-0351706800,2014,8/10/2014,-83.91888889,35.43833333,Ambloplites rupestris,1
finsync_usgs-0351706800,2014,8/10/2014,-83.91888889,35.43833333,Cyprinella galactura,1
finsync_usgs-0351706800,2014,8/10/2014,-83.91888889,35.43833333,Etheostoma chlorobranchium,1
finsync_usgs-0351706800,2014,8/10/2014,-83.91888889,35.43833333,Etheostoma swannanoa,1
finsync_usgs-0351706800,2014,8/10/2014,-83.91888889,35.43833333,Hypentelium nigricans,1
finsync_usgs-0351706800,2014,8/10/2014,-83.91888889,35.43833333,Luxilus coccogenis,1
finsync_usgs-0351706800,2014,8/10/2014,-83.91888889,35.43833333,Micropterus dolomieu,1
finsync_usgs-0351706800,2014,8/10/2014,-83.91888889,35.43833333,Nocomis micropogon,1
finsync_usgs-0351706800,2014,8/10/2014,-83.91888889,35.43833333,Notropis spectrunculus,1
finsync_usgs-0351706800,2014,8/10/2014,-83.91888889,35.43833333,Pylodictis olivaris,1
